participant,item,mass,answer,group,lang,native,Frequent,LIKERT,MINT,,,,NIVEL
1,lapices,nm,0,L2SP,SP,0,f,5,19,,,,B
1,jardines,nm,0,L2SP,SP,0,nf,3,19,,,,
1,coches,nm,0,L2SP,SP,0,f,3,19,,,,
1,paises,nm,0,L2SP,SP,0,f,5,19,,,,
1,caries,nm,0,L2SP,SP,0,nf,5,19,,,,
1,peines,nm,0,L2SP,SP,0,nf,1,19,,,,
1,fuentes,nm,0,L2SP,SP,0,nf,1,19,,,,
1,sobres,nm,0,L2SP,SP,0,nf,1,19,,,,
1,leches ,m,0,L2SP,SP,0,f,1,19,,,,
1,nubes,nm,0,L2SP,SP,0,nf,3,19,,,,
1,muertes ,m,1,L2SP,SP,0,f,3,19,,,,
1,arboles,nm,0,L2SP,SP,0,f,5,19,,,,
1,buzones,nm,0,L2SP,SP,0,nf,5,19,,,,
1,calles,nm,0,L2SP,SP,0,f,1,19,,,,
1,carnes ,m,0,L2SP,SP,0,nf,1,19,,,,
1,clases,nm,0,L2SP,SP,0,f,1,19,,,,
2,lapices,nm,1,L2SP,SP,0,f,7,18,,,,B
2,jardines,nm,0,L2SP,SP,0,nf,1,18,,,,
2,coches,nm,1,L2SP,SP,0,f,4,18,,,,
2,paises,nm,1,L2SP,SP,0,f,5,18,,,,
2,caries,nm,1,L2SP,SP,0,nf,3,18,,,,
2,peines,nm,0,L2SP,SP,0,nf,2,18,,,,
2,fuentes,nm,1,L2SP,SP,0,nf,3,18,,,,
2,sobres,nm,1,L2SP,SP,0,nf,1,18,,,,
2,leches ,m,1,L2SP,SP,0,f,5,18,,,,
2,nubes,nm,0,L2SP,SP,0,nf,1,18,,,,
2,muertes ,m,1,L2SP,SP,0,f,5,18,,,,
2,arboles,nm,1,L2SP,SP,0,f,4,18,,,,
2,buzones,nm,0,L2SP,SP,0,nf,3,18,,,,
2,calles,nm,1,L2SP,SP,0,f,7,18,,,,
2,carnes ,m,1,L2SP,SP,0,nf,2,18,,,,
2,clases,nm,1,L2SP,SP,0,f,5,18,,,,
3,lapices,nm,1,L2SP,SP,0,f,3,12,,,,B
3,jardines,nm,0,L2SP,SP,0,nf,1,12,,,,
3,coches,nm,1,L2SP,SP,0,f,4,12,,,,
3,paises,nm,0,L2SP,SP,0,f,2,12,,,,
3,caries,nm,0,L2SP,SP,0,nf,1,12,,,,
3,peines,nm,0,L2SP,SP,0,nf,1,12,,,,
3,fuentes,nm,0,L2SP,SP,0,nf,1,12,,,,
3,sobres,nm,0,L2SP,SP,0,nf,1,12,,,,
3,leches ,m,1,L2SP,SP,0,f,4,12,,,,
3,nubes,nm,0,L2SP,SP,0,nf,2,12,,,,
3,muertes ,m,1,L2SP,SP,0,f,4,12,,,,
3,arboles,nm,1,L2SP,SP,0,f,4,12,,,,
3,buzones,nm,0,L2SP,SP,0,nf,2,12,,,,
3,calles,nm,1,L2SP,SP,0,f,4,12,,,,
3,carnes ,m,0,L2SP,SP,0,nf,1,12,,,,
3,clases,nm,0,L2SP,SP,0,f,2,12,,,,
4,lapices,nm,1,L2SP,SP,0,f,5,27,,,,B
4,jardines,nm,1,L2SP,SP,0,nf,2,27,,,,
4,coches,nm,1,L2SP,SP,0,f,6,27,,,,
4,paises,nm,1,L2SP,SP,0,f,5,27,,,,
4,caries,nm,1,L2SP,SP,0,nf,2,27,,,,
4,peines,nm,1,L2SP,SP,0,nf,2,27,,,,
4,fuentes,nm,1,L2SP,SP,0,nf,3,27,,,,
4,sobres,nm,0,L2SP,SP,0,nf,2,27,,,,
4,leches ,m,1,L2SP,SP,0,f,5,27,,,,
4,nubes,nm,1,L2SP,SP,0,nf,3,27,,,,
4,muertes ,m,1,L2SP,SP,0,f,6,27,,,,
4,arboles,nm,1,L2SP,SP,0,f,6,27,,,,
4,buzones,nm,1,L2SP,SP,0,nf,3,27,,,,
4,calles,nm,1,L2SP,SP,0,f,5,27,,,,
4,carnes ,m,1,L2SP,SP,0,nf,3,27,,,,
4,clases,nm,1,L2SP,SP,0,f,5,27,,,,
5,lapices,nm,1,L2SP,SP,0,f,7,23,,,,B
5,jardines,nm,0,L2SP,SP,0,nf,3,23,,,,
5,coches,nm,1,L2SP,SP,0,f,7,23,,,,
5,paises,nm,1,L2SP,SP,0,f,7,23,,,,
5,caries,nm,1,L2SP,SP,0,nf,2,23,,,,
5,peines,nm,0,L2SP,SP,0,nf,2,23,,,,
5,fuentes,nm,0,L2SP,SP,0,nf,1,23,,,,
5,sobres,nm,0,L2SP,SP,0,nf,2,23,,,,
5,leches ,m,1,L2SP,SP,0,f,6,23,,,,
5,nubes,nm,0,L2SP,SP,0,nf,4,23,,,,
5,muertes ,m,1,L2SP,SP,0,f,7,23,,,,
5,arboles,nm,1,L2SP,SP,0,f,7,23,,,,
5,buzones,nm,0,L2SP,SP,0,nf,4,23,,,,
5,calles,nm,1,L2SP,SP,0,f,6,23,,,,
5,carnes ,m,1,L2SP,SP,0,nf,2,23,,,,
5,clases,nm,1,L2SP,SP,0,f,7,23,,,,
6,lapices,nm,1,L2SP,SP,0,f,4,58,,,,A
6,jardines,nm,1,L2SP,SP,0,nf,1,58,,,,
6,coches,nm,1,L2SP,SP,0,f,2,58,,,,
6,paises,nm,1,L2SP,SP,0,f,3,58,,,,
6,caries,nm,1,L2SP,SP,0,nf,1,58,,,,
6,peines,nm,1,L2SP,SP,0,nf,1,58,,,,
6,fuentes,nm,1,L2SP,SP,0,nf,1,58,,,,
6,sobres,nm,1,L2SP,SP,0,nf,1,58,,,,
6,leches ,m,1,L2SP,SP,0,f,3,58,,,,
6,nubes,nm,1,L2SP,SP,0,nf,1,58,,,,
6,muertes ,m,1,L2SP,SP,0,f,4,58,,,,
6,arboles,nm,1,L2SP,SP,0,f,2,58,,,,
6,buzones,nm,1,L2SP,SP,0,nf,2,58,,,,
6,calles,nm,1,L2SP,SP,0,f,4,58,,,,
6,carnes ,m,1,L2SP,SP,0,nf,1,58,,,,
6,clases,nm,1,L2SP,SP,0,f,3,58,,,,
7,lapices,nm,1,L2SP,SP,0,f,6,33,,,,I
7,jardines,nm,0,L2SP,SP,0,nf,2,33,,,,
7,coches,nm,1,L2SP,SP,0,f,7,33,,,,
7,paises,nm,1,L2SP,SP,0,f,4,33,,,,
7,caries,nm,0,L2SP,SP,0,nf,3,33,,,,
7,peines,nm,0,L2SP,SP,0,nf,2,33,,,,
7,fuentes,nm,0,L2SP,SP,0,nf,1,33,,,,
7,sobres,nm,1,L2SP,SP,0,nf,3,33,,,,
7,leches ,m,1,L2SP,SP,0,f,4,33,,,,
7,nubes,nm,0,L2SP,SP,0,nf,4,33,,,,
7,muertes ,m,1,L2SP,SP,0,f,4,33,,,,
7,arboles,nm,1,L2SP,SP,0,f,7,33,,,,
7,buzones,nm,1,L2SP,SP,0,nf,5,33,,,,
7,calles,nm,1,L2SP,SP,0,f,5,33,,,,
7,carnes ,m,1,L2SP,SP,0,nf,1,33,,,,
7,clases,nm,1,L2SP,SP,0,f,4,33,,,,
8,lapices,nm,1,L2SP,SP,0,f,6,35,,,,I
8,jardines,nm,1,L2SP,SP,0,nf,3,35,,,,
8,coches,nm,1,L2SP,SP,0,f,2,35,,,,
8,paises,nm,1,L2SP,SP,0,f,3,35,,,,
8,caries,nm,1,L2SP,SP,0,nf,2,35,,,,
8,peines,nm,1,L2SP,SP,0,nf,2,35,,,,
8,fuentes,nm,1,L2SP,SP,0,nf,2,35,,,,
8,sobres,nm,1,L2SP,SP,0,nf,2,35,,,,
8,leches ,m,1,L2SP,SP,0,f,2,35,,,,
8,nubes,nm,1,L2SP,SP,0,nf,3,35,,,,
8,muertes ,m,1,L2SP,SP,0,f,4,35,,,,
8,arboles,nm,1,L2SP,SP,0,f,2,35,,,,
8,buzones,nm,1,L2SP,SP,0,nf,3,35,,,,
8,calles,nm,1,L2SP,SP,0,f,4,35,,,,
8,carnes ,m,1,L2SP,SP,0,nf,2,35,,,,
8,clases,nm,1,L2SP,SP,0,f,2,35,,,,
9,lapices,nm,1,L2SP,SP,0,f,7,57,,,,A
9,jardines,nm,1,L2SP,SP,0,nf,2,57,,,,
9,coches,nm,1,L2SP,SP,0,f,9,57,,,,
9,paises,nm,1,L2SP,SP,0,f,5,57,,,,
9,caries,nm,1,L2SP,SP,0,nf,4,57,,,,
9,peines,nm,1,L2SP,SP,0,nf,3,57,,,,
9,fuentes,nm,1,L2SP,SP,0,nf,1,57,,,,
9,sobres,nm,1,L2SP,SP,0,nf,1,57,,,,
9,leches ,m,1,L2SP,SP,0,f,7,57,,,,
9,nubes,nm,1,L2SP,SP,0,nf,1,57,,,,
9,muertes ,m,1,L2SP,SP,0,f,5,57,,,,
9,arboles,nm,1,L2SP,SP,0,f,9,57,,,,
9,buzones,nm,1,L2SP,SP,0,nf,3,57,,,,
9,calles,nm,1,L2SP,SP,0,f,4,57,,,,
9,carnes ,m,1,L2SP,SP,0,nf,7,57,,,,
9,clases,nm,1,L2SP,SP,0,f,4,57,,,,
10,lapices,nm,1,L2SP,SP,0,f,4,23,,,,B
10,jardines,nm,1,L2SP,SP,0,nf,2,23,,,,
10,coches,nm,1,L2SP,SP,0,f,7,23,,,,
10,paises,nm,1,L2SP,SP,0,f,3,23,,,,
10,caries,nm,1,L2SP,SP,0,nf,2,23,,,,
10,peines,nm,1,L2SP,SP,0,nf,2,23,,,,
10,fuentes,nm,1,L2SP,SP,0,nf,2,23,,,,
10,sobres,nm,1,L2SP,SP,0,nf,2,23,,,,
10,leches ,m,1,L2SP,SP,0,f,2,23,,,,
10,nubes,nm,1,L2SP,SP,0,nf,2,23,,,,
10,muertes ,m,1,L2SP,SP,0,f,3,23,,,,
10,arboles,nm,1,L2SP,SP,0,f,3,23,,,,
10,buzones,nm,1,L2SP,SP,0,nf,2,23,,,,
10,calles,nm,1,L2SP,SP,0,f,3,23,,,,
10,carnes ,m,1,L2SP,SP,0,nf,2,23,,,,
10,clases,nm,1,L2SP,SP,0,f,3,23,,,,
11,lapices,nm,1,L2SP,SP,0,f,6,27,,,,I
11,jardines,nm,0,L2SP,SP,0,nf,4,27,,,,
11,coches,nm,1,L2SP,SP,0,f,7,27,,,,
11,paises,nm,1,L2SP,SP,0,f,5,27,,,,
11,caries,nm,1,L2SP,SP,0,nf,3,27,,,,
11,peines,nm,0,L2SP,SP,0,nf,3,27,,,,
11,fuentes,nm,1,L2SP,SP,0,nf,3,27,,,,
11,sobres,nm,1,L2SP,SP,0,nf,4,27,,,,
11,leches ,m,1,L2SP,SP,0,f,4,27,,,,
11,nubes,nm,0,L2SP,SP,0,nf,3,27,,,,
11,muertes ,m,1,L2SP,SP,0,f,5,27,,,,
11,arboles,nm,1,L2SP,SP,0,f,7,27,,,,
11,buzones,nm,0,L2SP,SP,0,nf,3,27,,,,
11,calles,nm,1,L2SP,SP,0,f,6,27,,,,
11,carnes ,m,1,L2SP,SP,0,nf,3,27,,,,
11,clases,nm,1,L2SP,SP,0,f,6,27,,,,
12,lapices,nm,0,L2SP,SP,0,f,4,14,,,,B
12,jardines,nm,0,L2SP,SP,0,nf,1,14,,,,
12,coches,nm,0,L2SP,SP,0,f,3,14,,,,
12,paises,nm,0,L2SP,SP,0,f,4,14,,,,
12,caries,nm,0,L2SP,SP,0,nf,3,14,,,,
12,peines,nm,0,L2SP,SP,0,nf,1,14,,,,
12,fuentes,nm,0,L2SP,SP,0,nf,1,14,,,,
12,sobres,nm,0,L2SP,SP,0,nf,2,14,,,,
12,leches ,m,1,L2SP,SP,0,f,2,14,,,,
12,nubes,nm,0,L2SP,SP,0,nf,1,14,,,,
12,muertes ,m,0,L2SP,SP,0,f,2,14,,,,
12,arboles,nm,1,L2SP,SP,0,f,1,14,,,,
12,buzones,nm,0,L2SP,SP,0,nf,1,14,,,,
12,calles,nm,1,L2SP,SP,0,f,4,14,,,,
12,carnes ,m,0,L2SP,SP,0,nf,1,14,,,,
12,clases,nm,0,L2SP,SP,0,f,4,14,,,,
13,lapices,nm,1,L2SP,SP,0,f,6,26,,,,B
13,jardines,nm,0,L2SP,SP,0,nf,1,26,,,,
13,coches,nm,0,L2SP,SP,0,f,7,26,,,,
13,paises,nm,0,L2SP,SP,0,f,7,26,,,,
13,caries,nm,1,L2SP,SP,0,nf,2,26,,,,
13,peines,nm,0,L2SP,SP,0,nf,1,26,,,,
13,fuentes,nm,0,L2SP,SP,0,nf,1,26,,,,
13,sobres,nm,1,L2SP,SP,0,nf,4,26,,,,
13,leches ,m,0,L2SP,SP,0,f,7,26,,,,
13,nubes,nm,0,L2SP,SP,0,nf,3,26,,,,
13,muertes ,m,0,L2SP,SP,0,f,7,26,,,,
13,arboles,nm,0,L2SP,SP,0,f,7,26,,,,
13,buzones,nm,0,L2SP,SP,0,nf,2,26,,,,
13,calles,nm,1,L2SP,SP,0,f,7,26,,,,
13,carnes ,m,1,L2SP,SP,0,nf,1,26,,,,
13,clases,nm,0,L2SP,SP,0,f,8,26,,,,
14,lapices,nm,1,L2SP,SP,0,f,5,28,,,,I
14,jardines,nm,1,L2SP,SP,0,nf,1,28,,,,
14,coches,nm,1,L2SP,SP,0,f,5,28,,,,
14,paises,nm,1,L2SP,SP,0,f,3,28,,,,
14,caries,nm,1,L2SP,SP,0,nf,2,28,,,,
14,peines,nm,0,L2SP,SP,0,nf,1,28,,,,
14,fuentes,nm,1,L2SP,SP,0,nf,2,28,,,,
14,sobres,nm,1,L2SP,SP,0,nf,2,28,,,,
14,leches ,m,1,L2SP,SP,0,f,2,28,,,,
14,nubes,nm,1,L2SP,SP,0,nf,2,28,,,,
14,muertes ,m,1,L2SP,SP,0,f,3,28,,,,
14,arboles,nm,1,L2SP,SP,0,f,5,28,,,,
14,buzones,nm,1,L2SP,SP,0,nf,2,28,,,,
14,calles,nm,1,L2SP,SP,0,f,5,28,,,,
14,carnes ,m,1,L2SP,SP,0,nf,2,28,,,,
15,clases,nm,0,L2SP,SP,0,f,3,28,,,,
15,lapices,nm,0,L2SP,SP,0,f,7,19,,,,B
15,jardines,nm,0,L2SP,SP,0,nf,5,19,,,,
15,coches,nm,0,L2SP,SP,0,f,7,19,,,,
15,paises,nm,0,L2SP,SP,0,f,7,19,,,,
15,caries,nm,0,L2SP,SP,0,nf,5,19,,,,
15,peines,nm,1,L2SP,SP,0,nf,5,19,,,,
15,fuentes,nm,0,L2SP,SP,0,nf,5,19,,,,
15,sobres,nm,0,L2SP,SP,0,nf,4,19,,,,
15,leches ,m,0,L2SP,SP,0,f,5,19,,,,
15,nubes,nm,0,L2SP,SP,0,nf,6,19,,,,
15,muertes ,m,0,L2SP,SP,0,f,6,19,,,,
15,arboles,nm,1,L2SP,SP,0,f,8,19,,,,
15,buzones,nm,0,L2SP,SP,0,nf,6,19,,,,
15,calles,nm,0,L2SP,SP,0,f,7,19,,,,
15,carnes ,m,0,L2SP,SP,0,nf,5,19,,,,
15,clases,nm,0,L2SP,SP,0,f,7,19,,,,
16,lapices,nm,0,L2SP,SP,0,f,7,31,,,,I
16,jardines,nm,0,L2SP,SP,0,nf,1,31,,,,
16,coches,nm,1,L2SP,SP,0,f,4,31,,,,
16,paises,nm,1,L2SP,SP,0,f,8,31,,,,
16,caries,nm,1,L2SP,SP,0,nf,2,31,,,,
16,peines,nm,0,L2SP,SP,0,nf,1,31,,,,
16,fuentes,nm,1,L2SP,SP,0,nf,1,31,,,,
16,sobres,nm,1,L2SP,SP,0,nf,3,31,,,,
16,leches ,m,1,L2SP,SP,0,f,3,31,,,,
16,nubes,nm,0,L2SP,SP,0,nf,6,31,,,,
16,muertes ,m,1,L2SP,SP,0,f,6,31,,,,
16,arboles,nm,1,L2SP,SP,0,f,3,31,,,,
16,buzones,nm,0,L2SP,SP,0,nf,7,31,,,,
16,calles,nm,0,L2SP,SP,0,f,7,31,,,,
16,carnes ,m,1,L2SP,SP,0,nf,1,31,,,,
16,clases,nm,1,L2SP,SP,0,f,9,31,,,,
17,lapices,nm,1,L2SP,SP,0,f,4,12,,,,B
17,jardines,nm,1,L2SP,SP,0,nf,1,12,,,,
17,coches,nm,0,L2SP,SP,0,f,1,12,,,,
17,paises,nm,1,L2SP,SP,0,f,3,12,,,,
17,caries,nm,0,L2SP,SP,0,nf,2,12,,,,
17,peines,nm,0,L2SP,SP,0,nf,1,12,,,,
17,fuentes,nm,0,L2SP,SP,0,nf,1,12,,,,
17,sobres,nm,0,L2SP,SP,0,nf,2,12,,,,
17,leches ,m,1,L2SP,SP,0,f,1,12,,,,
17,nubes,nm,1,L2SP,SP,0,nf,2,12,,,,
17,muertes ,m,1,L2SP,SP,0,f,2,12,,,,
17,arboles,nm,1,L2SP,SP,0,f,1,12,,,,
17,buzones,nm,0,L2SP,SP,0,nf,1,12,,,,
17,calles,nm,1,L2SP,SP,0,f,4,12,,,,
17,carnes ,m,0,L2SP,SP,0,nf,1,12,,,,
17,clases,nm,1,L2SP,SP,0,f,4,12,,,,
18,lapices,nm,1,L2SP,SP,0,f,6,34,,,,I
18,jardines,nm,0,L2SP,SP,0,nf,1,34,,,,
18,coches,nm,1,L2SP,SP,0,f,8,34,,,,
18,paises,nm,1,L2SP,SP,0,f,6,34,,,,
18,caries,nm,1,L2SP,SP,0,nf,1,34,,,,
18,peines,nm,1,L2SP,SP,0,nf,1,34,,,,
18,fuentes,nm,0,L2SP,SP,0,nf,1,34,,,,
18,sobres,nm,1,L2SP,SP,0,nf,1,34,,,,
18,leches ,m,1,L2SP,SP,0,f,3,34,,,,
18,nubes,nm,1,L2SP,SP,0,nf,1,34,,,,
18,muertes ,m,1,L2SP,SP,0,f,8,34,,,,
18,arboles,nm,0,L2SP,SP,0,f,7,34,,,,
18,buzones,nm,1,L2SP,SP,0,nf,1,34,,,,
18,calles,nm,1,L2SP,SP,0,f,5,34,,,,
18,carnes ,m,1,L2SP,SP,0,nf,1,34,,,,
18,clases,nm,1,L2SP,SP,0,f,5,34,,,,
19,lapices,nm,1,L2SP,SP,0,f,7,40,,,,A
19,jardines,nm,1,L2SP,SP,0,nf,1,40,,,,
19,coches,nm,1,L2SP,SP,0,f,5,40,,,,
19,paises,nm,1,L2SP,SP,0,f,6,40,,,,
19,caries,nm,1,L2SP,SP,0,nf,4,40,,,,
19,peines,nm,1,L2SP,SP,0,nf,1,40,,,,
19,fuentes,nm,1,L2SP,SP,0,nf,4,40,,,,
19,sobres,nm,1,L2SP,SP,0,nf,4,40,,,,
19,leches ,m,1,L2SP,SP,0,f,3,40,,,,
19,nubes,nm,1,L2SP,SP,0,nf,2,40,,,,
19,muertes ,m,1,L2SP,SP,0,f,5,40,,,,
19,arboles,nm,1,L2SP,SP,0,f,4,40,,,,
19,buzones,nm,1,L2SP,SP,0,nf,4,40,,,,
19,calles,nm,1,L2SP,SP,0,f,6,40,,,,
19,carnes ,m,1,L2SP,SP,0,nf,4,40,,,,
19,clases,nm,1,L2SP,SP,0,f,4,40,,,,
20,lapices,nm,1,L2SP,SP,0,f,5,37,,,,I
20,jardines,nm,1,L2SP,SP,0,nf,2,37,,,,
20,coches,nm,1,L2SP,SP,0,f,7,37,,,,
20,paises,nm,1,L2SP,SP,0,f,5,37,,,,
20,caries,nm,1,L2SP,SP,0,nf,5,37,,,,
20,peines,nm,1,L2SP,SP,0,nf,2,37,,,,
20,fuentes,nm,1,L2SP,SP,0,nf,2,37,,,,
20,sobres,nm,1,L2SP,SP,0,nf,4,37,,,,
20,leches ,m,1,L2SP,SP,0,f,5,37,,,,
20,nubes,nm,1,L2SP,SP,0,nf,2,37,,,,
20,muertes ,m,1,L2SP,SP,0,f,6,37,,,,
20,arboles,nm,1,L2SP,SP,0,f,5,37,,,,
20,buzones,nm,1,L2SP,SP,0,nf,4,37,,,,
20,calles,nm,1,L2SP,SP,0,f,5,37,,,,
20,carnes ,m,1,L2SP,SP,0,nf,2,37,,,,
20,clases,nm,1,L2SP,SP,0,f,5,37,,,,
21,lapices,nm,0,L2SP,SP,0,f,5,17,,,,B
21,jardines,nm,0,L2SP,SP,0,nf,1,17,,,,
21,coches,nm,0,L2SP,SP,0,f,5,17,,,,
21,paises,nm,0,L2SP,SP,0,f,9,17,,,,
21,caries,nm,0,L2SP,SP,0,nf,2,17,,,,
21,peines,nm,0,L2SP,SP,0,nf,1,17,,,,
21,fuentes,nm,0,L2SP,SP,0,nf,1,17,,,,
21,sobres,nm,0,L2SP,SP,0,nf,2,17,,,,
21,leches ,m,0,L2SP,SP,0,f,5,17,,,,
21,nubes,nm,0,L2SP,SP,0,nf,1,17,,,,
21,muertes ,m,0,L2SP,SP,0,f,5,17,,,,
21,arboles,nm,0,L2SP,SP,0,f,6,17,,,,
21,buzones,nm,0,L2SP,SP,0,nf,1,17,,,,
21,calles,nm,0,L2SP,SP,0,f,5,17,,,,
21,carnes ,m,0,L2SP,SP,0,nf,1,17,,,,
21,clases,nm,0,L2SP,SP,0,f,8,17,,,,
22,lapices,nm,1,L2SP,SP,0,f,5,13,,,,B
22,jardines,nm,1,L2SP,SP,0,nf,1,13,,,,
22,coches,nm,1,L2SP,SP,0,f,4,13,,,,
22,paises,nm,1,L2SP,SP,0,f,9,13,,,,
22,caries,nm,0,L2SP,SP,0,nf,2,13,,,,
22,peines,nm,1,L2SP,SP,0,nf,1,13,,,,
22,fuentes,nm,0,L2SP,SP,0,nf,1,13,,,,
22,sobres,nm,1,L2SP,SP,0,nf,2,13,,,,
22,leches ,m,0,L2SP,SP,0,f,5,13,,,,
22,nubes,nm,0,L2SP,SP,0,nf,1,13,,,,
22,muertes ,m,0,L2SP,SP,0,f,5,13,,,,
22,arboles,nm,1,L2SP,SP,0,f,6,13,,,,
22,buzones,nm,0,L2SP,SP,0,nf,1,13,,,,
22,calles,nm,1,L2SP,SP,0,f,5,13,,,,
22,carnes ,m,0,L2SP,SP,0,nf,1,13,,,,
22,clases,nm,1,L2SP,SP,0,f,8,13,,,,
23,lapices,nm,0,L2SP,SP,0,f,6,16,,,,B
23,jardines,nm,1,L2SP,SP,0,nf,1,16,,,,
23,coches,nm,1,L2SP,SP,0,f,8,16,,,,
23,paises,nm,0,L2SP,SP,0,f,6,16,,,,
23,caries,nm,0,L2SP,SP,0,nf,1,16,,,,
23,peines,nm,1,L2SP,SP,0,nf,1,16,,,,
23,fuentes,nm,1,L2SP,SP,0,nf,1,16,,,,
23,sobres,nm,1,L2SP,SP,0,nf,1,16,,,,
23,leches ,m,0,L2SP,SP,0,f,3,16,,,,
23,nubes,nm,0,L2SP,SP,0,nf,1,16,,,,
23,muertes ,m,0,L2SP,SP,0,f,8,16,,,,
23,arboles,nm,1,L2SP,SP,0,f,7,16,,,,
23,buzones,nm,0,L2SP,SP,0,nf,1,16,,,,
23,calles,nm,0,L2SP,SP,0,f,5,16,,,,
23,carnes ,m,0,L2SP,SP,0,nf,1,16,,,,
23,clases,nm,1,L2SP,SP,0,f,5,16,,,,
24,lapices,nm,1,L2SP,SP,0,f,4,20,,,,B
24,jardines,nm,0,L2SP,SP,0,nf,1,20,,,,
24,coches,nm,0,L2SP,SP,0,f,5,20,,,,
24,paises,nm,0,L2SP,SP,0,f,5,20,,,,
24,caries,nm,0,L2SP,SP,0,nf,2,20,,,,
24,peines,nm,0,L2SP,SP,0,nf,1,20,,,,
24,fuentes,nm,0,L2SP,SP,0,nf,2,20,,,,
24,sobres,nm,1,L2SP,SP,0,nf,2,20,,,,
24,leches ,m,0,L2SP,SP,0,f,4,20,,,,
24,nubes,nm,0,L2SP,SP,0,nf,1,20,,,,
24,muertes ,m,0,L2SP,SP,0,f,5,20,,,,
24,arboles,nm,0,L2SP,SP,0,f,6,20,,,,
24,buzones,nm,0,L2SP,SP,0,nf,1,20,,,,
24,calles,nm,1,L2SP,SP,0,f,5,20,,,,
24,carnes ,m,0,L2SP,SP,0,nf,1,20,,,,
24,clases,nm,0,L2SP,SP,0,f,6,20,,,,
25,lapices,nm,1,L2SP,SP,0,f,5,13,,,,B
25,jardines,nm,0,L2SP,SP,0,nf,2,13,,,,
25,coches,nm,0,L2SP,SP,0,f,3,13,,,,
25,paises,nm,1,L2SP,SP,0,f,3,13,,,,
25,caries,nm,0,L2SP,SP,0,nf,1,13,,,,
25,peines,nm,1,L2SP,SP,0,nf,2,13,,,,
25,fuentes,nm,0,L2SP,SP,0,nf,2,13,,,,
25,sobres,nm,1,L2SP,SP,0,nf,4,13,,,,
25,leches ,m,1,L2SP,SP,0,f,5,13,,,,
25,nubes,nm,0,L2SP,SP,0,nf,2,13,,,,
25,muertes ,m,0,L2SP,SP,0,f,5,13,,,,
25,arboles,nm,0,L2SP,SP,0,f,6,13,,,,
25,buzones,nm,0,L2SP,SP,0,nf,2,13,,,,
25,calles,nm,1,L2SP,SP,0,f,6,13,,,,
25,carnes ,m,0,L2SP,SP,0,nf,3,13,,,,
25,clases,nm,1,L2SP,SP,0,f,7,13,,,,
26,lapices,nm,1,L2SP,SP,0,f,6,16,,,,B
26,jardines,nm,0,L2SP,SP,0,nf,3,16,,,,
26,coches,nm,0,L2SP,SP,0,f,6,16,,,,
26,paises,nm,0,L2SP,SP,0,f,6,16,,,,
26,caries,nm,1,L2SP,SP,0,nf,2,16,,,,
26,peines,nm,0,L2SP,SP,0,nf,1,16,,,,
26,fuentes,nm,1,L2SP,SP,0,nf,2,16,,,,
26,sobres,nm,0,L2SP,SP,0,nf,2,16,,,,
26,leches ,m,0,L2SP,SP,0,f,4,16,,,,
26,nubes,nm,0,L2SP,SP,0,nf,3,16,,,,
26,muertes ,m,0,L2SP,SP,0,f,5,16,,,,
26,arboles,nm,0,L2SP,SP,0,f,5,16,,,,
26,buzones,nm,0,L2SP,SP,0,nf,2,16,,,,
26,calles,nm,1,L2SP,SP,0,f,6,16,,,,
26,carnes ,m,0,L2SP,SP,0,nf,2,16,,,,
26,clases,nm,0,L2SP,SP,0,f,5,16,,,,
27,lapices,nm,1,L2SP,SP,0,f,7,35,,,,I
27,jardines,nm,0,L2SP,SP,0,nf,5,35,,,,
27,coches,nm,1,L2SP,SP,0,f,8,35,,,,
27,paises,nm,1,L2SP,SP,0,f,8,35,,,,
27,caries,nm,1,L2SP,SP,0,nf,6,35,,,,
27,peines,nm,1,L2SP,SP,0,nf,3,35,,,,
27,fuentes,nm,0,L2SP,SP,0,nf,3,35,,,,
27,sobres,nm,0,L2SP,SP,0,nf,3,35,,,,
27,leches ,m,1,L2SP,SP,0,f,6,35,,,,
27,nubes,nm,1,L2SP,SP,0,nf,2,35,,,,
27,muertes ,m,1,L2SP,SP,0,f,7,35,,,,
27,arboles,nm,1,L2SP,SP,0,f,7,35,,,,
27,buzones,nm,1,L2SP,SP,0,nf,2,35,,,,
27,calles,nm,1,L2SP,SP,0,f,7,35,,,,
27,carnes ,m,1,L2SP,SP,0,nf,3,35,,,,
27,clases,nm,1,L2SP,SP,0,f,7,35,,,,
28,lapices,nm,1,L2SP,SP,0,f,8,26,,,,B
28,jardines,nm,0,L2SP,SP,0,nf,2,26,,,,
28,coches,nm,0,L2SP,SP,0,f,7,26,,,,
28,paises,nm,1,L2SP,SP,0,f,7,26,,,,
28,caries,nm,0,L2SP,SP,0,nf,2,26,,,,
28,peines,nm,0,L2SP,SP,0,nf,2,26,,,,
28,fuentes,nm,0,L2SP,SP,0,nf,3,26,,,,
28,sobres,nm,1,L2SP,SP,0,nf,3,26,,,,
28,leches ,m,0,L2SP,SP,0,f,6,26,,,,
28,nubes,nm,0,L2SP,SP,0,nf,2,26,,,,
28,muertes ,m,0,L2SP,SP,0,f,6,26,,,,
28,arboles,nm,0,L2SP,SP,0,f,7,26,,,,
28,buzones,nm,0,L2SP,SP,0,nf,2,26,,,,
28,calles,nm,1,L2SP,SP,0,f,7,26,,,,
28,carnes ,m,0,L2SP,SP,0,nf,2,26,,,,
28,clases,nm,1,L2SP,SP,0,f,6,26,,,,
29,lapices,nm,1,L2SP,SP,0,f,9,20,,,,B
29,jardines,nm,0,L2SP,SP,0,nf,1,20,,,,
29,coches,nm,0,L2SP,SP,0,f,5,20,,,,
29,paises,nm,0,L2SP,SP,0,f,5,20,,,,
29,caries,nm,0,L2SP,SP,0,nf,1,20,,,,
29,peines,nm,0,L2SP,SP,0,nf,1,20,,,,
29,fuentes,nm,0,L2SP,SP,0,nf,1,20,,,,
29,sobres,nm,0,L2SP,SP,0,nf,1,20,,,,
29,leches ,m,0,L2SP,SP,0,f,4,20,,,,
29,nubes,nm,0,L2SP,SP,0,nf,1,20,,,,
29,muertes ,m,1,L2SP,SP,0,f,5,20,,,,
29,arboles,nm,0,L2SP,SP,0,f,5,20,,,,
29,buzones,nm,0,L2SP,SP,0,nf,1,20,,,,
29,calles,nm,1,L2SP,SP,0,f,6,20,,,,
29,carnes ,m,0,L2SP,SP,0,nf,2,20,,,,
29,clases,nm,0,L2SP,SP,0,f,6,20,,,,
30,lapices,nm,1,L2SP,SP,0,f,6,15,,,,B
30,jardines,nm,0,L2SP,SP,0,nf,2,15,,,,
30,coches,nm,0,L2SP,SP,0,f,6,15,,,,
30,paises,nm,1,L2SP,SP,0,f,6,15,,,,
30,caries,nm,0,L2SP,SP,0,nf,7,15,,,,
30,peines,nm,0,L2SP,SP,0,nf,2,15,,,,
30,fuentes,nm,1,L2SP,SP,0,nf,2,15,,,,
30,sobres,nm,0,L2SP,SP,0,nf,2,15,,,,
30,leches ,m,1,L2SP,SP,0,f,6,15,,,,
30,nubes,nm,1,L2SP,SP,0,nf,2,15,,,,
30,muertes ,m,0,L2SP,SP,0,f,6,15,,,,
30,arboles,nm,0,L2SP,SP,0,f,5,15,,,,
30,buzones,nm,1,L2SP,SP,0,nf,2,15,,,,
30,calles,nm,0,L2SP,SP,0,f,7,15,,,,
30,carnes ,m,1,L2SP,SP,0,nf,2,15,,,,
30,clases,nm,1,L2SP,SP,0,f,7,15,,,,
1,haoalim,m,1,L2HB,HB,0,f,7,38,,,,I
1,heshojliot,m,0,L2HB,HB,0,nf,2,38,,,,
1,ubalim,m,0,L2HB,HB,0,nf,2,38,,,,
1,daltot,m,0,L2HB,HB,0,nf,2,38,,,,
1,psukim,m,1,L2HB,HB,0,f,7,38,,,,
1,dbarim,m,0,L2HB,HB,0,nf,2,38,,,,
1,mehot,m,1,L2HB,HB,0,f,7,38,,,,
1,todot,m,0,L2HB,HB,0,nf,3,38,,,,
1,januyot,m,0,L2HB,HB,0,nf,2,38,,,,
1,matanot,m,1,L2HB,HB,0,f,7,38,,,,
1,yamim,m,1,L2HB,HB,0,f,2,38,,,,
1,mitot,m,1,L2HB,HB,0,f,7,38,,,,
1,shtijim,m,1,L2HB,HB,0,f,7,38,,,,
1,tojniot,m,0,L2HB,HB,0,nf,2,38,,,,
1,sfarim,m,0,L2HB,HB,0,nf,5,38,,,,
1,seratim,m,1,L2HB,HB,0,f,2,38,,,,
2,haoalim,m,0,L2HB,HB,0,f,3,14,,,,B
2,heshojliot,m,0,L2HB,HB,0,nf,1,14,,,,
2,ubalim,m,0,L2HB,HB,0,nf,1,14,,,,
2,daltot,m,0,L2HB,HB,0,nf,2,14,,,,
2,psukim,m,0,L2HB,HB,0,f,3,14,,,,
2,dbarim,m,0,L2HB,HB,0,nf,1,14,,,,
2,mehot,m,1,L2HB,HB,0,f,3,14,,,,
2,todot,m,0,L2HB,HB,0,nf,1,14,,,,
2,januyot,m,0,L2HB,HB,0,nf,2,14,,,,
2,matanot,m,1,L2HB,HB,0,f,3,14,,,,
2,yamim,m,0,L2HB,HB,0,f,1,14,,,,
2,mitot,m,0,L2HB,HB,0,f,5,14,,,,
2,shtijim,m,1,L2HB,HB,0,f,3,14,,,,
2,tojniot,m,0,L2HB,HB,0,nf,1,14,,,,
2,sfarim,m,0,L2HB,HB,0,nf,2,14,,,,
2,seratim,m,0,L2HB,HB,0,f,3,14,,,,
3,haoalim,m,0,L2HB,HB,0,f,2,12,,,,B
3,heshojliot,m,0,L2HB,HB,0,nf,3,12,,,,
3,ubalim,m,0,L2HB,HB,0,nf,4,12,,,,
3,daltot,m,0,L2HB,HB,0,nf,2,12,,,,
3,psukim,m,1,L2HB,HB,0,f,4,12,,,,
3,dbarim,m,0,L2HB,HB,0,nf,3,12,,,,
3,mehot,m,0,L2HB,HB,0,f,6,12,,,,
3,todot,m,0,L2HB,HB,0,nf,2,12,,,,
3,januyot,m,0,L2HB,HB,0,nf,5,12,,,,
3,matanot,m,1,L2HB,HB,0,f,3,12,,,,
3,yamim,m,0,L2HB,HB,0,f,3,12,,,,
3,mitot,m,1,L2HB,HB,0,f,7,12,,,,
3,shtijim,m,0,L2HB,HB,0,f,4,12,,,,
3,tojniot,m,0,L2HB,HB,0,nf,3,12,,,,
3,sfarim,m,0,L2HB,HB,0,nf,2,12,,,,
3,seratim,m,1,L2HB,HB,0,f,5,12,,,,
4,haoalim,m,0,L2HB,HB,0,f,6,10,,,,B
4,heshojliot,m,0,L2HB,HB,0,nf,4,10,,,,
4,ubalim,m,0,L2HB,HB,0,nf,3,10,,,,
4,daltot,m,0,L2HB,HB,0,nf,3,10,,,,
4,psukim,m,0,L2HB,HB,0,f,5,10,,,,
4,dbarim,m,0,L2HB,HB,0,nf,4,10,,,,
4,mehot,m,0,L2HB,HB,0,f,7,10,,,,
4,todot,m,0,L2HB,HB,0,nf,4,10,,,,
4,januyot,m,0,L2HB,HB,0,nf,4,10,,,,
4,matanot,m,0,L2HB,HB,0,f,4,10,,,,
4,yamim,m,0,L2HB,HB,0,f,3,10,,,,
4,mitot,m,0,L2HB,HB,0,f,6,10,,,,
4,shtijim,m,0,L2HB,HB,0,f,5,10,,,,
4,tojniot,m,0,L2HB,HB,0,nf,3,10,,,,
4,sfarim,m,0,L2HB,HB,0,nf,4,10,,,,
4,seratim,m,0,L2HB,HB,0,f,4,10,,,,
5,haoalim,m,0,L2HB,HB,0,f,5,24,,,,I
5,heshojliot,m,0,L2HB,HB,0,nf,2,24,,,,
5,ubalim,m,0,L2HB,HB,0,nf,4,24,,,,
5,daltot,m,0,L2HB,HB,0,nf,1,24,,,,
5,psukim,m,0,L2HB,HB,0,f,4,24,,,,
5,dbarim,m,0,L2HB,HB,0,nf,3,24,,,,
5,mehot,m,0,L2HB,HB,0,f,6,24,,,,
5,todot,m,0,L2HB,HB,0,nf,3,24,,,,
5,januyot,m,0,L2HB,HB,0,nf,7,24,,,,
5,matanot,m,0,L2HB,HB,0,f,5,24,,,,
5,yamim,m,0,L2HB,HB,0,f,5,24,,,,
5,mitot,m,0,L2HB,HB,0,f,6,24,,,,
5,shtijim,m,0,L2HB,HB,0,f,5,24,,,,
5,tojniot,m,0,L2HB,HB,0,nf,3,24,,,,
5,sfarim,m,0,L2HB,HB,0,nf,5,24,,,,
5,seratim,m,0,L2HB,HB,0,f,4,24,,,,
6,haoalim,m,0,L2HB,HB,0,f,3,14,,,,B
6,heshojliot,m,0,L2HB,HB,0,nf,2,14,,,,
6,ubalim,m,0,L2HB,HB,0,nf,2,14,,,,
6,daltot,m,0,L2HB,HB,0,nf,1,14,,,,
6,psukim,m,0,L2HB,HB,0,f,3,14,,,,
6,dbarim,m,0,L2HB,HB,0,nf,1,14,,,,
6,mehot,m,0,L2HB,HB,0,f,4,14,,,,
6,todot,m,0,L2HB,HB,0,nf,3,14,,,,
6,januyot,m,0,L2HB,HB,0,nf,1,14,,,,
6,matanot,m,0,L2HB,HB,0,f,3,14,,,,
6,yamim,m,0,L2HB,HB,0,f,3,14,,,,
6,mitot,m,1,L2HB,HB,0,f,5,14,,,,
6,shtijim,m,0,L2HB,HB,0,f,3,14,,,,
6,tojniot,m,0,L2HB,HB,0,nf,2,14,,,,
6,sfarim,m,0,L2HB,HB,0,nf,2,14,,,,
6,seratim,m,1,L2HB,HB,0,f,3,14,,,,
7,haoalim,m,1,L2HB,HB,0,f,8,20,,,,I
7,heshojliot,m,1,L2HB,HB,0,nf,5,20,,,,
7,ubalim,m,0,L2HB,HB,0,nf,7,20,,,,
7,daltot,m,0,L2HB,HB,0,nf,2,20,,,,
7,psukim,m,0,L2HB,HB,0,f,9,20,,,,
7,dbarim,m,,L2HB,HB,0,nf,2,20,,,,
7,mehot,m,0,L2HB,HB,0,f,9,20,,,,
7,todot,m,0,L2HB,HB,0,nf,2,20,,,,
7,januyot,m,0,L2HB,HB,0,nf,7,20,,,,
7,matanot,m,0,L2HB,HB,0,f,9,20,,,,
7,yamim,m,0,L2HB,HB,0,f,5,20,,,,
7,mitot,m,0,L2HB,HB,0,f,9,20,,,,
7,shtijim,m,0,L2HB,HB,0,f,8,20,,,,
7,tojniot,m,0,L2HB,HB,0,nf,4,20,,,,
7,sfarim,m,0,L2HB,HB,0,nf,4,20,,,,
7,seratim,m,0,L2HB,HB,0,f,8,20,,,,
8,haoalim,m,0,L2HB,HB,0,f,5,5,,,,B
8,heshojliot,m,0,L2HB,HB,0,nf,5,5,,,,
8,ubalim,m,0,L2HB,HB,0,nf,7,5,,,,
8,daltot,m,0,L2HB,HB,0,nf,7,5,,,,
8,psukim,m,0,L2HB,HB,0,f,9,5,,,,
8,dbarim,m,1,L2HB,HB,0,nf,5,5,,,,
8,mehot,m,0,L2HB,HB,0,f,7,5,,,,
8,todot,m,0,L2HB,HB,0,nf,4,5,,,,
8,januyot,m,0,L2HB,HB,0,nf,9,5,,,,
8,matanot,m,0,L2HB,HB,0,f,9,5,,,,
8,yamim,m,0,L2HB,HB,0,f,6,5,,,,
8,mitot,m,0,L2HB,HB,0,f,7,5,,,,
8,shtijim,m,0,L2HB,HB,0,f,6,5,,,,
8,tojniot,m,0,L2HB,HB,0,nf,9,5,,,,
8,sfarim,m,0,L2HB,HB,0,nf,5,5,,,,
8,seratim,m,0,L2HB,HB,0,f,4,5,,,,
9,haoalim,m,0,L2HB,HB,0,f,3,11,,,,B
9,heshojliot,m,0,L2HB,HB,0,nf,3,11,,,,
9,ubalim,m,0,L2HB,HB,0,nf,3,11,,,,
9,daltot,m,0,L2HB,HB,0,nf,2,11,,,,
9,psukim,m,0,L2HB,HB,0,f,2,11,,,,
9,dbarim,m,0,L2HB,HB,0,nf,2,11,,,,
9,mehot,m,0,L2HB,HB,0,f,6,11,,,,
9,todot,m,0,L2HB,HB,0,nf,4,11,,,,
9,januyot,m,0,L2HB,HB,0,nf,2,11,,,,
9,matanot,m,0,L2HB,HB,0,f,7,11,,,,
9,yamim,m,0,L2HB,HB,0,f,4,11,,,,
9,mitot,m,1,L2HB,HB,0,f,5,11,,,,
9,shtijim,m,0,L2HB,HB,0,f,7,11,,,,
9,tojniot,m,0,L2HB,HB,0,nf,2,11,,,,
9,sfarim,m,0,L2HB,HB,0,nf,4,11,,,,
9,seratim,m,1,L2HB,HB,0,f,5,11,,,,
10,haoalim,m,0,L2HB,HB,0,f,9,25,,,,I
10,heshojliot,m,0,L2HB,HB,0,nf,2,25,,,,
10,ubalim,m,0,L2HB,HB,0,nf,2,25,,,,
10,daltot,m,0,L2HB,HB,0,nf,1,25,,,,
10,psukim,m,0,L2HB,HB,0,f,9,25,,,,
10,dbarim,m,0,L2HB,HB,0,nf,7,25,,,,
10,mehot,m,0,L2HB,HB,0,f,9,25,,,,
10,todot,m,0,L2HB,HB,0,nf,2,25,,,,
10,januyot,m,0,L2HB,HB,0,nf,1,25,,,,
10,matanot,m,0,L2HB,HB,0,f,9,25,,,,
10,yamim,m,0,L2HB,HB,0,f,9,25,,,,
10,mitot,m,0,L2HB,HB,0,f,7,25,,,,
10,shtijim,m,0,L2HB,HB,0,f,9,25,,,,
10,tojniot,m,0,L2HB,HB,0,nf,7,25,,,,
10,sfarim,m,0,L2HB,HB,0,nf,2,25,,,,
10,seratim,m,0,L2HB,HB,0,f,7,25,,,,
11,haoalim,m,1,L2HB,HB,0,f,6,19,,,,B
11,heshojliot,m,0,L2HB,HB,0,nf,2,19,,,,
11,ubalim,m,0,L2HB,HB,0,nf,1,19,,,,
11,daltot,m,0,L2HB,HB,0,nf,1,19,,,,
11,psukim,m,1,L2HB,HB,0,f,6,19,,,,
11,dbarim,m,0,L2HB,HB,0,nf,3,19,,,,
11,mehot,m,0,L2HB,HB,0,f,5,19,,,,
11,todot,m,0,L2HB,HB,0,nf,1,19,,,,
11,januyot,m,0,L2HB,HB,0,nf,1,19,,,,
11,matanot,m,1,L2HB,HB,0,f,6,19,,,,
11,yamim,m,0,L2HB,HB,0,f,2,19,,,,
11,mitot,m,1,L2HB,HB,0,f,5,19,,,,
11,shtijim,m,1,L2HB,HB,0,f,6,19,,,,
11,tojniot,m,0,L2HB,HB,0,nf,1,19,,,,
11,sfarim,m,0,L2HB,HB,0,nf,1,19,,,,
11,seratim,m,1,L2HB,HB,0,f,3,19,,,,
12,haoalim,m,1,L2HB,HB,0,f,7,31,,,,I
12,heshojliot,m,1,L2HB,HB,0,nf,4,31,,,,
12,ubalim,m,1,L2HB,HB,0,nf,5,31,,,,
12,daltot,m,0,L2HB,HB,0,nf,2,31,,,,
12,psukim,m,1,L2HB,HB,0,f,8,31,,,,
12,dbarim,m,0,L2HB,HB,0,nf,5,31,,,,
12,mehot,m,1,L2HB,HB,0,f,6,31,,,,
12,todot,m,0,L2HB,HB,0,nf,3,31,,,,
12,januyot,m,0,L2HB,HB,0,nf,3,31,,,,
12,matanot,m,1,L2HB,HB,0,f,5,31,,,,
12,yamim,m,1,L2HB,HB,0,f,5,31,,,,
12,mitot,m,1,L2HB,HB,0,f,7,31,,,,
12,shtijim,m,1,L2HB,HB,0,f,7,31,,,,
12,tojniot,m,0,L2HB,HB,0,nf,3,31,,,,
12,sfarim,m,0,L2HB,HB,0,nf,4,31,,,,
12,seratim,m,1,L2HB,HB,0,f,6,31,,,,
13,haoalim,m,1,L2HB,HB,0,f,7,39,,,,A
13,heshojliot,m,0,L2HB,HB,0,nf,4,39,,,,
13,ubalim,m,0,L2HB,HB,0,nf,5,39,,,,
13,daltot,m,0,L2HB,HB,0,nf,1,39,,,,
13,psukim,m,1,L2HB,HB,0,f,6,39,,,,
13,dbarim,m,0,L2HB,HB,0,nf,2,39,,,,
13,mehot,m,1,L2HB,HB,0,f,8,39,,,,
13,todot,m,0,L2HB,HB,0,nf,4,39,,,,
13,januyot,m,0,L2HB,HB,0,nf,7,39,,,,
13,matanot,m,1,L2HB,HB,0,f,6,39,,,,
13,yamim,m,0,L2HB,HB,0,f,4,39,,,,
13,mitot,m,1,L2HB,HB,0,f,7,39,,,,
13,shtijim,m,1,L2HB,HB,0,f,6,39,,,,
13,tojniot,m,0,L2HB,HB,0,nf,2,39,,,,
13,sfarim,m,0,L2HB,HB,0,nf,6,39,,,,
13,seratim,m,0,L2HB,HB,0,f,3,39,,,,B
14,haoalim,m,0,L2HB,HB,0,f,5,14,,,,
14,heshojliot,m,0,L2HB,HB,0,nf,1,14,,,,
14,ubalim,m,0,L2HB,HB,0,nf,1,14,,,,
14,daltot,m,0,L2HB,HB,0,nf,1,14,,,,
14,psukim,m,0,L2HB,HB,0,f,4,14,,,,
14,dbarim,m,0,L2HB,HB,0,nf,1,14,,,,
14,mehot,m,0,L2HB,HB,0,f,1,14,,,,
14,todot,m,0,L2HB,HB,0,nf,3,14,,,,
14,januyot,m,0,L2HB,HB,0,nf,1,14,,,,
14,matanot,m,0,L2HB,HB,0,f,5,14,,,,
14,yamim,m,0,L2HB,HB,0,f,1,14,,,,
14,mitot,m,0,L2HB,HB,0,f,7,14,,,,
14,shtijim,m,0,L2HB,HB,0,f,5,14,,,,
14,tojniot,m,0,L2HB,HB,0,nf,1,14,,,,
14,sfarim,m,0,L2HB,HB,0,nf,3,14,,,,
14,seratim,m,0,L2HB,HB,0,f,2,14,,,,
15,haoalim,m,1,L2HB,HB,0,f,6,26,,,,B
15,heshojliot,m,0,L2HB,HB,0,nf,3,26,,,,
15,ubalim,m,0,L2HB,HB,0,nf,3,26,,,,
15,daltot,m,0,L2HB,HB,0,nf,2,26,,,,
15,psukim,m,0,L2HB,HB,0,f,7,26,,,,
15,dbarim,m,0,L2HB,HB,0,nf,5,26,,,,
15,mehot,m,0,L2HB,HB,0,f,9,26,,,,
15,todot,m,0,L2HB,HB,0,nf,1,26,,,,
15,januyot,m,0,L2HB,HB,0,nf,4,26,,,,
15,matanot,m,0,L2HB,HB,0,f,7,26,,,,
15,yamim,m,0,L2HB,HB,0,f,2,26,,,,
15,mitot,m,0,L2HB,HB,0,f,8,26,,,,
15,shtijim,m,0,L2HB,HB,0,f,7,26,,,,
15,tojniot,m,0,L2HB,HB,0,nf,4,26,,,,
15,sfarim,m,0,L2HB,HB,0,nf,1,26,,,,
15,seratim,m,0,L2HB,HB,0,f,5,26,,,,
16,haoalim,m,0,L2HB,HB,0,f,1,11,,,,B
16,heshojliot,m,0,L2HB,HB,0,nf,6,11,,,,
16,ubalim,m,0,L2HB,HB,0,nf,1,11,,,,
16,daltot,m,0,L2HB,HB,0,nf,1,11,,,,
16,psukim,m,0,L2HB,HB,0,f,9,11,,,,
16,dbarim,m,0,L2HB,HB,0,nf,1,11,,,,
16,mehot,m,0,L2HB,HB,0,f,1,11,,,,
16,todot,m,0,L2HB,HB,0,nf,1,11,,,,
16,januyot,m,0,L2HB,HB,0,nf,1,11,,,,
16,matanot,m,0,L2HB,HB,0,f,9,11,,,,
16,yamim,m,0,L2HB,HB,0,f,1,11,,,,
16,mitot,m,0,L2HB,HB,0,f,1,11,,,,
16,shtijim,m,0,L2HB,HB,0,f,9,11,,,,
16,tojniot,m,0,L2HB,HB,0,nf,1,11,,,,
16,sfarim,m,0,L2HB,HB,0,nf,1,11,,,,
16,seratim,m,0,L2HB,HB,0,f,1,11,,,,
17,haoalim,m,0,L2HB,HB,0,f,5,21,,,,B
17,heshojliot,m,0,L2HB,HB,0,nf,2,21,,,,
17,ubalim,m,0,L2HB,HB,0,nf,5,21,,,,
17,daltot,m,0,L2HB,HB,0,nf,5,21,,,,
17,psukim,m,0,L2HB,HB,0,f,5,21,,,,
17,dbarim,m,0,L2HB,HB,0,nf,2,21,,,,
17,mehot,m,0,L2HB,HB,0,f,5,21,,,,
17,todot,m,0,L2HB,HB,0,nf,3,21,,,,
17,januyot,m,0,L2HB,HB,0,nf,5,21,,,,
17,matanot,m,0,L2HB,HB,0,f,5,21,,,,
17,yamim,m,0,L2HB,HB,0,f,5,21,,,,
17,mitot,m,1,L2HB,HB,0,f,5,21,,,,
17,shtijim,m,0,L2HB,HB,0,f,5,21,,,,
17,tojniot,m,0,L2HB,HB,0,nf,2,21,,,,
17,sfarim,m,0,L2HB,HB,0,nf,3,21,,,,
17,seratim,m,0,L2HB,HB,0,f,5,21,,,,
18,haoalim,m,0,L2HB,HB,0,f,8,38,,,,I
18,heshojliot,m,0,L2HB,HB,0,nf,3,38,,,,
18,ubalim,m,0,L2HB,HB,0,nf,4,38,,,,
18,daltot,m,0,L2HB,HB,0,nf,3,38,,,,
18,psukim,m,0,L2HB,HB,0,f,8,38,,,,
18,dbarim,m,0,L2HB,HB,0,nf,3,38,,,,
18,mehot,m,1,L2HB,HB,0,f,9,38,,,,
18,todot,m,0,L2HB,HB,0,nf,4,38,,,,
18,januyot,m,0,L2HB,HB,0,nf,3,38,,,,
18,matanot,m,0,L2HB,HB,0,f,8,38,,,,
18,yamim,m,0,L2HB,HB,0,f,9,38,,,,
18,mitot,m,0,L2HB,HB,0,f,5,38,,,,
18,shtijim,m,0,L2HB,HB,0,f,8,38,,,,
18,tojniot,m,0,L2HB,HB,0,nf,3,38,,,,
18,sfarim,m,0,L2HB,HB,0,nf,5,38,,,,
18,seratim,m,0,L2HB,HB,0,f,4,38,,,,
19,haoalim,m,0,L2HB,HB,0,f,1,36,,,,I
19,heshojliot,m,0,L2HB,HB,0,nf,3,36,,,,
19,ubalim,m,0,L2HB,HB,0,nf,2,36,,,,
19,daltot,m,0,L2HB,HB,0,nf,1,36,,,,
19,psukim,m,0,L2HB,HB,0,f,7,36,,,,
19,dbarim,m,0,L2HB,HB,0,nf,2,36,,,,
19,mehot,m,0,L2HB,HB,0,f,5,36,,,,
19,todot,m,0,L2HB,HB,0,nf,1,36,,,,
19,januyot,m,0,L2HB,HB,0,nf,7,36,,,,
19,matanot,m,1,L2HB,HB,0,f,3,36,,,,
19,yamim,m,0,L2HB,HB,0,f,2,36,,,,
19,mitot,m,1,L2HB,HB,0,f,3,36,,,,
19,shtijim,m,0,L2HB,HB,0,f,4,36,,,,
19,tojniot,m,0,L2HB,HB,0,nf,1,36,,,,
19,sfarim,m,0,L2HB,HB,0,nf,3,36,,,,
19,seratim,m,1,L2HB,HB,0,f,3,36,,,,
20,haoalim,m,1,L2HB,HB,0,f,5,42,,,,A
20,heshojliot,m,0,L2HB,HB,0,nf,3,42,,,,
20,ubalim,m,1,L2HB,HB,0,nf,3,42,,,,
20,daltot,m,0,L2HB,HB,0,nf,1,42,,,,
20,psukim,m,1,L2HB,HB,0,f,5,42,,,,
20,dbarim,m,0,L2HB,HB,0,nf,2,42,,,,
20,mehot,m,1,L2HB,HB,0,f,5,42,,,,
20,todot,m,0,L2HB,HB,0,nf,1,42,,,,
20,januyot,m,0,L2HB,HB,0,nf,7,42,,,,
20,matanot,m,1,L2HB,HB,0,f,6,42,,,,
20,yamim,m,1,L2HB,HB,0,f,5,42,,,,
20,mitot,m,1,L2HB,HB,0,f,5,42,,,,
20,shtijim,m,1,L2HB,HB,0,f,5,42,,,,
20,tojniot,m,0,L2HB,HB,0,nf,1,42,,,,
20,sfarim,m,0,L2HB,HB,0,nf,3,42,,,,
20,seratim,m,1,L2HB,HB,0,f,5,42,,,,
21,haoalim,m,1,L2HB,HB,0,f,3,47,,,,A
21,heshojliot,m,0,L2HB,HB,0,nf,3,47,,,,
21,ubalim,m,0,L2HB,HB,0,nf,3,47,,,,
21,daltot,m,0,L2HB,HB,0,nf,3,47,,,,
21,psukim,m,1,L2HB,HB,0,f,3,47,,,,
21,dbarim,m,0,L2HB,HB,0,nf,3,47,,,,
21,mehot,m,1,L2HB,HB,0,f,5,47,,,,
21,todot,m,0,L2HB,HB,0,nf,3,47,,,,
21,januyot,m,0,L2HB,HB,0,nf,6,47,,,,
21,matanot,m,1,L2HB,HB,0,f,3,47,,,,
21,yamim,m,1,L2HB,HB,0,f,5,47,,,,
21,mitot,m,1,L2HB,HB,0,f,5,47,,,,
21,shtijim,m,1,L2HB,HB,0,f,3,47,,,,
21,tojniot,m,0,L2HB,HB,0,nf,3,47,,,,
21,sfarim,m,0,L2HB,HB,0,nf,3,47,,,,
21,seratim,m,1,L2HB,HB,0,f,3,47,,,,
22,haoalim,m,0,L2HB,HB,0,f,1,9,,,,B
22,heshojliot,m,0,L2HB,HB,0,nf,3,9,,,,
22,ubalim,m,0,L2HB,HB,0,nf,1,9,,,,
22,daltot,m,0,L2HB,HB,0,nf,3,9,,,,
22,psukim,m,1,L2HB,HB,0,f,1,9,,,,
22,dbarim,m,0,L2HB,HB,0,nf,4,9,,,,
22,mehot,m,0,L2HB,HB,0,f,1,9,,,,
22,todot,m,0,L2HB,HB,0,nf,1,9,,,,
22,januyot,m,0,L2HB,HB,0,nf,4,9,,,,
22,matanot,m,1,L2HB,HB,0,f,1,9,,,,
22,yamim,m,1,L2HB,HB,0,f,1,9,,,,
22,mitot,m,0,L2HB,HB,0,f,5,9,,,,
22,shtijim,m,0,L2HB,HB,0,f,1,9,,,,
22,tojniot,m,0,L2HB,HB,0,nf,1,9,,,,
22,sfarim,m,0,L2HB,HB,0,nf,1,9,,,,
22,seratim,m,1,L2HB,HB,0,f,5,9,,,,
23,haoalim,m,1,L2HB,HB,0,f,7,58,,,,A
23,heshojliot,m,1,L2HB,HB,0,nf,6,58,,,,
23,ubalim,m,1,L2HB,HB,0,nf,6,58,,,,
23,daltot,m,1,L2HB,HB,0,nf,3,58,,,,
23,psukim,m,1,L2HB,HB,0,f,9,58,,,,
23,dbarim,m,0,L2HB,HB,0,nf,5,58,,,,
23,mehot,m,1,L2HB,HB,0,f,7,58,,,,
23,todot,m,1,L2HB,HB,0,nf,3,58,,,,
23,januyot,m,0,L2HB,HB,0,nf,4,58,,,,
23,matanot,m,1,L2HB,HB,0,f,9,58,,,,
23,yamim,m,1,L2HB,HB,0,f,6,58,,,,
23,mitot,m,1,L2HB,HB,0,f,6,58,,,,
23,shtijim,m,1,L2HB,HB,0,f,7,58,,,,
23,tojniot,m,0,L2HB,HB,0,nf,3,58,,,,
23,sfarim,m,1,L2HB,HB,0,nf,7,58,,,,
23,seratim,m,1,L2HB,HB,0,f,5,58,,,,
24,haoalim,m,0,L2HB,HB,0,f,2,14,,,,B
24,heshojliot,m,0,L2HB,HB,0,nf,5,14,,,,
24,ubalim,m,0,L2HB,HB,0,nf,5,14,,,,
24,daltot,m,0,L2HB,HB,0,nf,3,14,,,,
24,psukim,m,0,L2HB,HB,0,f,2,14,,,,
24,dbarim,m,0,L2HB,HB,0,nf,3,14,,,,
24,mehot,m,0,L2HB,HB,0,f,5,14,,,,
24,todot,m,0,L2HB,HB,0,nf,5,14,,,,
24,januyot,m,0,L2HB,HB,0,nf,5,14,,,,
24,matanot,m,0,L2HB,HB,0,f,3,14,,,,
24,yamim,m,0,L2HB,HB,0,f,5,14,,,,
24,mitot,m,0,L2HB,HB,0,f,5,14,,,,
24,shtijim,m,0,L2HB,HB,0,f,5,14,,,,
24,tojniot,m,0,L2HB,HB,0,nf,5,14,,,,
24,sfarim,m,0,L2HB,HB,0,nf,5,14,,,,
24,seratim,m,0,L2HB,HB,0,f,3,14,,,,
25,haoalim,m,1,L2HB,HB,0,f,9,20,,,,
25,heshojliot,m,0,L2HB,HB,0,nf,9,20,,,,
25,ubalim,m,0,L2HB,HB,0,nf,9,20,,,,
25,daltot,m,0,L2HB,HB,0,nf,6,20,,,,
25,psukim,m,1,L2HB,HB,0,f,9,20,,,,
25,dbarim,m,0,L2HB,HB,0,nf,6,20,,,,
25,mehot,m,1,L2HB,HB,0,f,8,20,,,,
25,todot,m,0,L2HB,HB,0,nf,6,20,,,,
25,januyot,m,0,L2HB,HB,0,nf,7,20,,,,
25,matanot,m,1,L2HB,HB,0,f,9,20,,,,
25,yamim,m,1,L2HB,HB,0,f,8,20,,,,
25,mitot,m,1,L2HB,HB,0,f,9,20,,,,
25,shtijim,m,1,L2HB,HB,0,f,9,20,,,,
25,tojniot,m,0,L2HB,HB,0,nf,6,20,,,,
25,sfarim,m,0,L2HB,HB,0,nf,9,20,,,,
25,seratim,m,1,L2HB,HB,0,f,8,20,,,,
26,haoalim,m,0,L2HB,HB,0,f,7,28,,,,I
26,heshojliot,m,0,L2HB,HB,0,nf,5,28,,,,
26,ubalim,m,0,L2HB,HB,0,nf,4,28,,,,
26,daltot,m,0,L2HB,HB,0,nf,5,28,,,,
26,psukim,m,0,L2HB,HB,0,f,7,28,,,,
26,dbarim,m,0,L2HB,HB,0,nf,7,28,,,,
26,mehot,m,0,L2HB,HB,0,f,7,28,,,,
26,todot,m,0,L2HB,HB,0,nf,5,28,,,,
26,januyot,m,0,L2HB,HB,0,nf,5,28,,,,
26,matanot,m,0,L2HB,HB,0,f,7,28,,,,
26,yamim,m,0,L2HB,HB,0,f,6,28,,,,
26,mitot,m,1,L2HB,HB,0,f,7,28,,,,
26,shtijim,m,0,L2HB,HB,0,f,7,28,,,,
26,tojniot,m,0,L2HB,HB,0,nf,7,28,,,,
26,sfarim,m,0,L2HB,HB,0,nf,7,28,,,,
26,seratim,m,0,L2HB,HB,0,f,6,28,,,,
27,haoalim,m,1,L2HB,HB,0,f,7,54,,,,A
27,heshojliot,m,0,L2HB,HB,0,nf,5,54,,,,
27,ubalim,m,1,L2HB,HB,0,nf,6,54,,,,
27,daltot,m,0,L2HB,HB,0,nf,2,54,,,,
27,psukim,m,1,L2HB,HB,0,f,7,54,,,,
27,dbarim,m,0,L2HB,HB,0,nf,5,54,,,,
27,mehot,m,1,L2HB,HB,0,f,7,54,,,,
27,todot,m,0,L2HB,HB,0,nf,2,54,,,,
27,januyot,m,0,L2HB,HB,0,nf,6,54,,,,
27,matanot,m,1,L2HB,HB,0,f,8,54,,,,
27,yamim,m,1,L2HB,HB,0,f,6,54,,,,
27,mitot,m,1,L2HB,HB,0,f,7,54,,,,
27,shtijim,m,1,L2HB,HB,0,f,8,54,,,,
27,tojniot,m,0,L2HB,HB,0,nf,5,54,,,,
27,sfarim,m,1,L2HB,HB,0,nf,6,54,,,,
27,seratim,m,1,L2HB,HB,0,f,6,54,,,,
28,haoalim,m,1,L2HB,HB,0,f,6,58,,,,A
28,heshojliot,m,1,L2HB,HB,0,nf,5,58,,,,
28,ubalim,m,1,L2HB,HB,0,nf,4,58,,,,
28,daltot,m,1,L2HB,HB,0,nf,9,58,,,,
28,psukim,m,1,L2HB,HB,0,f,8,58,,,,
28,dbarim,m,0,L2HB,HB,0,nf,7,58,,,,
28,mehot,m,0,L2HB,HB,0,f,4,58,,,,
28,todot,m,0,L2HB,HB,0,nf,6,58,,,,
28,januyot,m,0,L2HB,HB,0,nf,8,58,,,,
28,matanot,m,1,L2HB,HB,0,f,7,58,,,,
28,yamim,m,1,L2HB,HB,0,f,7,58,,,,
28,mitot,m,1,L2HB,HB,0,f,6,58,,,,
28,shtijim,m,1,L2HB,HB,0,f,6,58,,,,
28,tojniot,m,0,L2HB,HB,0,nf,9,58,,,,
28,sfarim,m,0,L2HB,HB,0,nf,6,58,,,,
28,seratim,m,0,L2HB,HB,0,f,8,58,,,,
29,haoalim,m,1,L2HB,HB,0,f,6,58,,9,59,
29,heshojliot,m,1,L2HB,HB,0,nf,5,58,,,,
29,ubalim,m,1,L2HB,HB,0,nf,4,58,,,,
29,daltot,m,1,L2HB,HB,0,nf,9,58,,,,
29,psukim,m,0,L2HB,HB,0,f,8,58,,,,
29,dbarim,m,1,L2HB,HB,0,nf,7,58,,,,
29,mehot,m,1,L2HB,HB,0,f,4,58,,,,
29,todot,m,1,L2HB,HB,0,nf,6,58,,,,
29,januyot,m,1,L2HB,HB,0,nf,8,58,,,,
29,matanot,m,1,L2HB,HB,0,f,7,58,,,,
29,yamim,m,1,L2HB,HB,0,f,7,58,,,,
29,mitot,m,1,L2HB,HB,0,f,6,58,,,,
29,shtijim,m,1,L2HB,HB,0,f,6,58,,,,
29,tojniot,m,0,L2HB,HB,0,nf,9,58,,,,
29,sfarim,m,1,L2HB,HB,0,nf,6,58,,,,
29,seratim,m,1,L2HB,HB,0,f,5,58,,,,
30,haoalim,m,1,L2HB,HB,0,f,4,58,,,,
30,heshojliot,m,1,L2HB,HB,0,nf,9,58,,,,
30,ubalim,m,1,L2HB,HB,0,nf,8,58,,,,
30,daltot,m,1,L2HB,HB,0,nf,7,58,,,,
30,psukim,m,0,L2HB,HB,0,f,4,58,,,,
30,dbarim,m,1,L2HB,HB,0,nf,6,58,,,,
30,mehot,m,1,L2HB,HB,0,f,8,58,,,,
30,todot,m,1,L2HB,HB,0,nf,7,58,,,,
30,januyot,m,1,L2HB,HB,0,nf,7,58,,,,
30,matanot,m,1,L2HB,HB,0,f,6,58,,,,
30,yamim,m,1,L2HB,HB,0,f,6,58,,,,
30,mitot,m,1,L2HB,HB,0,f,9,58,,,,
30,shtijim,m,1,L2HB,HB,0,f,6,58,,,,
30,tojniot,m,1,L2HB,HB,0,nf,6,58,,,,
30,sfarim,m,1,L2HB,HB,0,nf,9,58,,,,
30,seratim,m,1,L2HB,HB,0,f,7,58,,,,
1,haoalim,m,1,L1HB,HB,1,nf,6,59,,,,
1,heshojliot,m,1,L1HB,HB,1,nf,5,59,,,,
1,ubalim,m,1,L1HB,HB,1,nf,4,59,,,,
1,daltot,m,1,L1HB,HB,1,f,9,59,,,,
1,psukim,m,1,L1HB,HB,1,nf,8,59,,,,
1,dbarim,m,1,L1HB,HB,1,f,7,59,,,,
1,mehot,m,1,L1HB,HB,1,nf,4,59,,,,
1,todot,m,1,L1HB,HB,1,nf,6,59,,,,
1,januyot,m,1,L1HB,HB,1,f,8,59,,A,,
1,matanot,m,1,L1HB,HB,1,f,7,59,,,,
1,yamim,m,1,L1HB,HB,1,f,7,59,,,,
1,mitot,m,1,L1HB,HB,1,f,6,59,,,,
1,shtijim,m,1,L1HB,HB,1,nf,6,59,,,,
1,tojniot,m,1,L1HB,HB,1,nf,9,59,,,,
1,sfarim,m,1,L1HB,HB,1,f,9,59,,,,
1,seratim,m,1,L1HB,HB,1,f,9,59,,,,
2,haoalim,m,1,L1HB,HB,1,f,6,59,,,,
2,heshojliot,m,1,L1HB,HB,1,f,5,62,,,,
2,ubalim,m,1,L1HB,HB,1,nf,8,62,,,,
2,daltot,m,1,L1HB,HB,1,nf,8,62,,,,
2,psukim,m,1,L1HB,HB,1,nf,8,62,,,,
2,dbarim,m,1,L1HB,HB,1,f,7,62,,,,
2,mehot,m,1,L1HB,HB,1,nf,7,62,,,,
2,todot,m,1,L1HB,HB,1,f,7,62,,,,
2,januyot,m,1,L1HB,HB,1,nf,8,62,,A,,
2,matanot,m,1,L1HB,HB,1,nf,9,62,,,,
2,yamim,m,1,L1HB,HB,1,f,7,62,,,,
2,mitot,m,1,L1HB,HB,1,f,8,62,,,,
2,shtijim,m,1,L1HB,HB,1,f,9,62,,,,
2,tojniot,m,1,L1HB,HB,1,f,7,62,,,,
2,sfarim,m,1,L1HB,HB,1,nf,7,62,,,,
2,seratim,m,1,L1HB,HB,1,nf,6,62,,,,
3,seratim,m,1,L1HB,HB,1,f,8,65,,,,
3,haoalim,m,1,L1HB,HB,1,nf,7,65,,,,
3,heshojliot,m,1,L1HB,HB,1,nf,7,65,,,,
3,ubalim,m,1,L1HB,HB,1,nf,7,65,,,,
3,daltot,m,1,L1HB,HB,1,f,9,65,,,,
3,psukim,m,1,L1HB,HB,1,nf,8,65,,,,
3,dbarim,m,1,L1HB,HB,1,f,7,65,,,,
3,mehot,m,1,L1HB,HB,1,nf,8,65,,,,
3,todot,m,1,L1HB,HB,1,nf,6,65,,A,,
3,januyot,m,1,L1HB,HB,1,f,8,65,,,,
3,matanot,m,1,L1HB,HB,1,f,7,65,,,,
3,yamim,m,1,L1HB,HB,1,f,1,65,,,,
3,mitot,m,1,L1HB,HB,1,f,8,65,,,,
3,shtijim,m,1,L1HB,HB,1,nf,8,65,,,,
3,tojniot,m,1,L1HB,HB,1,nf,8,65,,,,
3,sfarim,m,1,L1HB,HB,1,f,7,65,,,,
4,seratim,m,1,L1HB,HB,1,f,9,67,,,,
4,haoalim,m,1,L1HB,HB,1,nf,7,67,,,,
4,heshojliot,m,1,L1HB,HB,1,nf,7,67,,,,
4,ubalim,m,1,L1HB,HB,1,nf,6,67,,,,
4,daltot,m,1,L1HB,HB,1,f,9,67,,,,
4,psukim,m,1,L1HB,HB,1,nf,7,67,,,,
4,dbarim,m,1,L1HB,HB,1,f,7,67,,,,
4,mehot,m,1,L1HB,HB,1,nf,6,67,,,,
4,todot,m,1,L1HB,HB,1,nf,7,67,,,,
4,januyot,m,1,L1HB,HB,1,f,8,67,,,,
4,matanot,m,1,L1HB,HB,1,f,7,67,,,,
4,yamim,m,1,L1HB,HB,1,f,7,67,,,,
4,mitot,m,1,L1HB,HB,1,f,8,67,,,,
4,shtijim,m,1,L1HB,HB,1,nf,7,67,,,,
4,tojniot,m,1,L1HB,HB,1,nf,6,67,,,,
4,sfarim,m,1,L1HB,HB,1,f,8,67,,,,
5,seratim,m,1,L1HB,HB,1,f,8,64,,,,
5,haoalim,m,1,L1HB,HB,1,nf,7,64,,,,
5,heshojliot,m,1,L1HB,HB,1,nf,6,64,,,,
5,ubalim,m,1,L1HB,HB,1,nf,6,64,,,,
5,daltot,m,1,L1HB,HB,1,f,9,64,,,,
5,psukim,m,1,L1HB,HB,1,nf,7,64,,,,
5,dbarim,m,1,L1HB,HB,1,f,7,64,,,,
5,mehot,m,1,L1HB,HB,1,nf,6,64,,,,
5,todot,m,0,L1HB,HB,1,nf,6,64,,,,
5,januyot,m,1,L1HB,HB,1,f,7,64,,,,
5,matanot,m,1,L1HB,HB,1,f,6,64,,,,
5,yamim,m,1,L1HB,HB,1,f,8,64,,,,
5,mitot,m,1,L1HB,HB,1,f,8,64,,,,
5,shtijim,m,1,L1HB,HB,1,nf,6,64,,,,
5,tojniot,m,1,L1HB,HB,1,nf,6,64,,,,
5,sfarim,m,1,L1HB,HB,1,f,6,64,,,,
6,seratim,m,1,L1HB,HB,1,f,7,67,,,,
6,haoalim,m,1,L1HB,HB,1,nf,4,67,,,,
6,heshojliot,m,1,L1HB,HB,1,nf,5,67,,,,
6,ubalim,m,0,L1HB,HB,1,nf,2,67,,,,
6,daltot,m,1,L1HB,HB,1,f,8,67,,,,
6,psukim,m,1,L1HB,HB,1,nf,5,67,,,,
6,dbarim,m,1,L1HB,HB,1,f,6,67,,,,
6,mehot,m,1,L1HB,HB,1,nf,3,67,,,,
6,todot,m,1,L1HB,HB,1,nf,3,67,,,,
6,januyot,m,1,L1HB,HB,1,f,7,67,,,,
6,matanot,m,1,L1HB,HB,1,f,5,67,,,,
6,yamim,m,1,L1HB,HB,1,f,7,67,,,,
6,mitot,m,1,L1HB,HB,1,f,7,67,,,,
6,shtijim,m,1,L1HB,HB,1,nf,3,67,,,,
6,tojniot,m,1,L1HB,HB,1,nf,4,67,,,,
6,sfarim,m,1,L1HB,HB,1,f,6,67,,,,
7,seratim,m,1,L1HB,HB,1,f,7,64,,,,
7,haoalim,m,1,L1HB,HB,1,nf,5,64,,,,
7,heshojliot,m,1,L1HB,HB,1,nf,5,64,,,,
7,ubalim,m,1,L1HB,HB,1,nf,2,64,,,,
7,daltot,m,1,L1HB,HB,1,f,8,64,,,,
7,psukim,m,1,L1HB,HB,1,nf,4,64,,,,
7,dbarim,m,1,L1HB,HB,1,f,9,64,,,,
7,mehot,m,1,L1HB,HB,1,nf,1,64,,,,
7,todot,m,1,L1HB,HB,1,nf,2,64,,,,
7,januyot,m,1,L1HB,HB,1,f,8,64,,,,
7,matanot,m,1,L1HB,HB,1,f,5,64,,,,
7,yamim,m,1,L1HB,HB,1,f,7,64,,,,
7,mitot,m,1,L1HB,HB,1,f,7,64,,,,
7,shtijim,m,0,L1HB,HB,1,nf,1,64,,,,
7,tojniot,m,1,L1HB,HB,1,nf,5,64,,,,
7,sfarim,m,1,L1HB,HB,1,f,5,64,,,,
8,seratim,m,1,L1HB,HB,1,f,7,66,,,,
8,haoalim,m,1,L1HB,HB,1,nf,5,66,,,,
8,heshojliot,m,1,L1HB,HB,1,nf,4,66,,,,
8,ubalim,m,1,L1HB,HB,1,nf,1,66,,,,
8,daltot,m,1,L1HB,HB,1,f,7,66,,,,
8,psukim,m,1,L1HB,HB,1,nf,7,66,,,,
8,dbarim,m,1,L1HB,HB,1,f,6,66,,,,
8,mehot,m,1,L1HB,HB,1,nf,1,66,,,,
8,todot,m,0,L1HB,HB,1,nf,2,66,,,,
8,januyot,m,1,L1HB,HB,1,f,5,66,,,,
8,matanot,m,1,L1HB,HB,1,f,4,66,,,,
8,yamim,m,1,L1HB,HB,1,f,7,66,,,,
8,mitot,m,1,L1HB,HB,1,f,5,66,,,,
8,shtijim,m,1,L1HB,HB,1,nf,1,66,,,,
8,tojniot,m,1,L1HB,HB,1,nf,6,66,,,,
8,sfarim,m,1,L1HB,HB,1,f,4,66,,,,
9,seratim,m,1,L1HB,HB,1,f,8,65,,,,
9,haoalim,m,1,L1HB,HB,1,nf,6,65,,,,
9,heshojliot,m,1,L1HB,HB,1,nf,5,65,,,,
9,ubalim,m,1,L1HB,HB,1,nf,3,65,,,,
9,daltot,m,1,L1HB,HB,1,f,8,65,,,,
9,psukim,m,1,L1HB,HB,1,nf,7,65,,,,
9,dbarim,m,1,L1HB,HB,1,f,8,65,,,,
9,mehot,m,1,L1HB,HB,1,nf,3,65,,,,
9,todot,m,1,L1HB,HB,1,nf,5,65,,,,
9,januyot,m,1,L1HB,HB,1,f,8,65,,,,
9,matanot,m,1,L1HB,HB,1,f,6,65,,,,
9,yamim,m,1,L1HB,HB,1,f,8,65,,,,
9,mitot,m,1,L1HB,HB,1,f,8,65,,,,
9,shtijim,m,1,L1HB,HB,1,nf,1,65,,,,
9,tojniot,m,1,L1HB,HB,1,nf,7,65,,,,
9,sfarim,m,1,L1HB,HB,1,f,6,65,,,,
10,seratim,m,1,L1HB,HB,1,f,5,65,,,,
10,haoalim,m,1,L1HB,HB,1,nf,3,65,,,,
10,heshojliot,m,1,L1HB,HB,1,nf,3,65,,,,
10,ubalim,m,1,L1HB,HB,1,nf,2,65,,,,
10,daltot,m,1,L1HB,HB,1,f,4,65,,,,
10,psukim,m,1,L1HB,HB,1,nf,7,65,,,,
10,dbarim,m,1,L1HB,HB,1,f,7,65,,,,
10,mehot,m,1,L1HB,HB,1,nf,1,65,,,,
10,todot,m,1,L1HB,HB,1,nf,1,65,,,,
10,januyot,m,1,L1HB,HB,1,f,5,65,,,,
10,matanot,m,1,L1HB,HB,1,f,3,65,,,,
10,yamim,m,1,L1HB,HB,1,f,7,65,,,,
10,mitot,m,1,L1HB,HB,1,f,5,65,,,,
10,shtijim,m,1,L1HB,HB,1,nf,2,65,,,,
10,tojniot,m,1,L1HB,HB,1,nf,7,65,,,,
10,sfarim,m,1,L1HB,HB,1,f,3,65,,,,
11,seratim,m,1,L1HB,HB,1,f,8,63,,,,
11,haoalim,m,1,L1HB,HB,1,nf,5,63,,,,
11,heshojliot,m,1,L1HB,HB,1,nf,5,63,,,,
11,ubalim,m,1,L1HB,HB,1,nf,3,63,,,,
11,daltot,m,1,L1HB,HB,1,f,7,63,,,,
11,psukim,m,1,L1HB,HB,1,nf,5,63,,,,
11,dbarim,m,1,L1HB,HB,1,f,8,63,,,,
11,mehot,m,1,L1HB,HB,1,nf,4,63,,,,
11,todot,m,1,L1HB,HB,1,nf,3,63,,,,
11,januyot,m,1,L1HB,HB,1,f,7,63,,,,
11,matanot,m,1,L1HB,HB,1,f,6,63,,,,
11,yamim,m,1,L1HB,HB,1,f,8,63,,,,
11,mitot,m,1,L1HB,HB,1,f,7,63,,,,
11,shtijim,m,1,L1HB,HB,1,nf,5,63,,,,
11,tojniot,m,1,L1HB,HB,1,nf,5,63,,,,
11,sfarim,m,1,L1HB,HB,1,f,6,63,,,,
12,seratim,m,1,L1HB,HB,1,f,9,64,,,,
12,haoalim,m,1,L1HB,HB,1,nf,8,64,,,,
12,heshojliot,m,1,L1HB,HB,1,nf,9,64,,,,
12,ubalim,m,1,L1HB,HB,1,nf,4,64,,,,
12,daltot,m,1,L1HB,HB,1,f,9,64,,,,
12,psukim,m,1,L1HB,HB,1,nf,7,64,,,,
12,dbarim,m,1,L1HB,HB,1,f,9,64,,,,
12,mehot,m,1,L1HB,HB,1,nf,7,64,,,,
12,todot,m,1,L1HB,HB,1,nf,4,64,,,,
12,januyot,m,1,L1HB,HB,1,f,9,64,,,,
12,matanot,m,1,L1HB,HB,1,f,9,64,,,,
12,yamim,m,1,L1HB,HB,1,f,9,64,,,,
12,mitot,m,1,L1HB,HB,1,f,9,64,,,,
12,shtijim,m,1,L1HB,HB,1,nf,7,64,,,,
12,tojniot,m,1,L1HB,HB,1,nf,7,64,,,,
12,sfarim,m,1,L1HB,HB,1,f,9,64,,,,
13,seratim,m,1,L1HB,HB,1,f,7,67,,,,
13,haoalim,m,1,L1HB,HB,1,nf,4,67,,,,
13,heshojliot,m,1,L1HB,HB,1,nf,5,67,,,,
13,ubalim,m,1,L1HB,HB,1,nf,2,67,,,,
13,daltot,m,1,L1HB,HB,1,f,7,67,,,,
13,psukim,m,1,L1HB,HB,1,nf,7,67,,,,
13,dbarim,m,1,L1HB,HB,1,f,8,67,,,,
13,mehot,m,1,L1HB,HB,1,nf,4,67,,,,
13,todot,m,0,L1HB,HB,1,nf,3,67,,,,
13,januyot,m,1,L1HB,HB,1,f,7,67,,,,
13,matanot,m,1,L1HB,HB,1,f,6,67,,,,
13,yamim,m,1,L1HB,HB,1,f,9,67,,,,
13,mitot,m,1,L1HB,HB,1,f,7,67,,,,
13,shtijim,m,1,L1HB,HB,1,nf,3,67,,,,
13,tojniot,m,1,L1HB,HB,1,nf,5,67,,,,
13,sfarim,m,1,L1HB,HB,1,f,5,67,,,,
14,seratim,m,1,L1HB,HB,1,f,8,64,,,,
14,haoalim,m,1,L1HB,HB,1,nf,7,64,,,,
14,heshojliot,m,1,L1HB,HB,1,nf,6,64,,,,
14,ubalim,m,1,L1HB,HB,1,nf,4,64,,,,
14,daltot,m,1,L1HB,HB,1,f,9,64,,,,
14,psukim,m,1,L1HB,HB,1,nf,8,64,,,,
14,dbarim,m,1,L1HB,HB,1,f,9,64,,,,
14,mehot,m,1,L1HB,HB,1,nf,1,64,,,,
14,todot,m,1,L1HB,HB,1,nf,5,64,,,,
14,januyot,m,1,L1HB,HB,1,f,9,64,,,,
14,matanot,m,1,L1HB,HB,1,f,9,64,,,,
14,yamim,m,1,L1HB,HB,1,f,5,64,,,,
14,mitot,m,1,L1HB,HB,1,f,9,64,,,,
14,shtijim,m,1,L1HB,HB,1,nf,1,64,,,,
14,tojniot,m,1,L1HB,HB,1,nf,9,64,,,,
14,sfarim,m,1,L1HB,HB,1,f,6,64,,,,
15,seratim,m,1,L1HB,HB,1,f,9,64,,,,
15,haoalim,m,1,L1HB,HB,1,nf,6,64,,,,
15,heshojliot,m,1,L1HB,HB,1,nf,6,64,,,,
15,ubalim,m,1,L1HB,HB,1,nf,3,64,,,,
15,daltot,m,1,L1HB,HB,1,f,9,64,,,,
15,psukim,m,1,L1HB,HB,1,nf,6,64,,,,
15,dbarim,m,1,L1HB,HB,1,f,7,64,,,,
15,mehot,m,1,L1HB,HB,1,nf,1,64,,,,
15,todot,m,1,L1HB,HB,1,nf,4,64,,,,
15,januyot,m,1,L1HB,HB,1,f,9,64,,,,
15,matanot,m,1,L1HB,HB,1,f,6,64,,,,
15,yamim,m,1,L1HB,HB,1,f,9,64,,,,
15,mitot,m,1,L1HB,HB,1,f,9,64,,,,
15,shtijim,m,0,L1HB,HB,1,nf,1,64,,,,
15,tojniot,m,1,L1HB,HB,1,nf,6,64,,,,
15,sfarim,m,1,L1HB,HB,1,f,6,64,,,,
16,seratim,m,1,L1HB,HB,1,f,7,67,,,,
16,haoalim,m,1,L1HB,HB,1,nf,4,67,,,,
16,heshojliot,m,1,L1HB,HB,1,nf,5,67,,,,
16,ubalim,m,1,L1HB,HB,1,nf,3,67,,,,
16,daltot,m,1,L1HB,HB,1,f,7,67,,,,
16,psukim,m,1,L1HB,HB,1,nf,5,67,,,,
16,dbarim,m,1,L1HB,HB,1,f,9,67,,,,
16,mehot,m,1,L1HB,HB,1,nf,1,67,,,,
16,todot,m,0,L1HB,HB,1,nf,3,67,,,,
16,januyot,m,1,L1HB,HB,1,f,7,67,,,,
16,matanot,m,1,L1HB,HB,1,f,7,67,,,,
16,yamim,m,1,L1HB,HB,1,f,7,67,,,,
16,mitot,m,1,L1HB,HB,1,f,7,67,,,,
16,shtijim,m,1,L1HB,HB,1,nf,1,67,,,,
16,tojniot,m,1,L1HB,HB,1,nf,5,67,,,,
16,sfarim,m,1,L1HB,HB,1,f,5,67,,,,
17,seratim,m,1,L1HB,HB,1,f,7,63,,,,
17,haoalim,m,1,L1HB,HB,1,nf,4,63,,,,
17,heshojliot,m,1,L1HB,HB,1,nf,4,63,,,,
17,ubalim,m,1,L1HB,HB,1,nf,3,63,,,,
17,daltot,m,1,L1HB,HB,1,f,7,63,,,,
17,psukim,m,1,L1HB,HB,1,nf,5,63,,,,
17,dbarim,m,1,L1HB,HB,1,f,6,63,,,,
17,mehot,m,1,L1HB,HB,1,nf,1,63,,,,
17,todot,m,1,L1HB,HB,1,nf,4,63,,,,
17,januyot,m,1,L1HB,HB,1,f,7,63,,,,
17,matanot,m,1,L1HB,HB,1,f,7,63,,,,
17,yamim,m,1,L1HB,HB,1,f,7,63,,,,
17,mitot,m,1,L1HB,HB,1,f,7,63,,,,
17,shtijim,m,1,L1HB,HB,1,nf,2,63,,,,
17,tojniot,m,1,L1HB,HB,1,nf,6,63,,,,
17,sfarim,m,1,L1HB,HB,1,f,7,63,,,,
18,seratim,m,1,L1HB,HB,1,f,8,67,,,,
18,haoalim,m,1,L1HB,HB,1,nf,6,67,,,,
18,heshojliot,m,1,L1HB,HB,1,nf,5,67,,,,
18,ubalim,m,1,L1HB,HB,1,nf,3,67,,,,
18,daltot,m,1,L1HB,HB,1,f,8,67,,,,
18,psukim,m,1,L1HB,HB,1,nf,4,67,,,,
18,dbarim,m,1,L1HB,HB,1,f,8,67,,,,
18,mehot,m,1,L1HB,HB,1,nf,4,67,,,,
18,todot,m,1,L1HB,HB,1,nf,4,67,,,,
18,januyot,m,1,L1HB,HB,1,f,8,67,,,,
18,matanot,m,1,L1HB,HB,1,f,7,67,,,,
18,yamim,m,1,L1HB,HB,1,f,9,67,,,,
18,mitot,m,1,L1HB,HB,1,f,8,67,,,,
18,shtijim,m,1,L1HB,HB,1,nf,4,67,,,,
18,tojniot,m,1,L1HB,HB,1,nf,6,67,,,,
18,sfarim,m,1,L1HB,HB,1,f,6,67,,,,
19,seratim,m,1,L1HB,HB,1,f,9,64,,,,
19,haoalim,m,1,L1HB,HB,1,nf,6,64,,,,
19,heshojliot,m,1,L1HB,HB,1,nf,5,64,,,,
19,ubalim,m,1,L1HB,HB,1,nf,2,64,,,,
19,daltot,m,1,L1HB,HB,1,f,9,64,,,,
19,psukim,m,1,L1HB,HB,1,nf,7,64,,,,
19,dbarim,m,1,L1HB,HB,1,f,9,64,,,,
19,mehot,m,1,L1HB,HB,1,nf,3,64,,,,
19,todot,m,1,L1HB,HB,1,nf,3,64,,,,
19,januyot,m,1,L1HB,HB,1,f,8,64,,,,
19,matanot,m,1,L1HB,HB,1,f,6,64,,,,
19,yamim,m,1,L1HB,HB,1,f,9,64,,,,
19,mitot,m,1,L1HB,HB,1,f,7,64,,,,
19,shtijim,m,1,L1HB,HB,1,nf,4,64,,,,
19,tojniot,m,1,L1HB,HB,1,nf,7,64,,,,
19,sfarim,m,1,L1HB,HB,1,f,5,64,,,,
20,seratim,m,1,L1HB,HB,1,f,7,63,,,,
20,haoalim,m,1,L1HB,HB,1,nf,5,63,,,,
20,heshojliot,m,1,L1HB,HB,1,nf,5,63,,,,
20,ubalim,m,0,L1HB,HB,1,nf,2,63,,,,
20,daltot,m,1,L1HB,HB,1,f,7,63,,,,
20,psukim,m,1,L1HB,HB,1,nf,7,63,,,,
20,dbarim,m,1,L1HB,HB,1,f,9,63,,,,
20,mehot,m,1,L1HB,HB,1,nf,5,63,,,,
20,todot,m,1,L1HB,HB,1,nf,2,63,,,,
20,januyot,m,1,L1HB,HB,1,f,5,63,,,,
20,matanot,m,1,L1HB,HB,1,f,5,63,,,,
20,yamim,m,1,L1HB,HB,1,f,7,63,,,,
20,mitot,m,1,L1HB,HB,1,f,5,63,,,,
20,shtijim,m,1,L1HB,HB,1,nf,3,63,,,,
20,tojniot,m,1,L1HB,HB,1,nf,7,63,,,,
20,sfarim,m,1,L1HB,HB,1,f,5,63,,,,
21,seratim,m,1,L1HB,HB,1,f,7,63,,,,
21,haoalim,m,1,L1HB,HB,1,nf,4,63,,,,
21,heshojliot,m,1,L1HB,HB,1,nf,4,63,,,,
21,ubalim,m,1,L1HB,HB,1,nf,3,63,,,,
21,daltot,m,1,L1HB,HB,1,f,7,63,,,,
21,psukim,m,1,L1HB,HB,1,nf,7,63,,,,
21,dbarim,m,1,L1HB,HB,1,f,7,63,,,,
21,mehot,m,1,L1HB,HB,1,nf,1,63,,,,
21,todot,m,0,L1HB,HB,1,nf,3,63,,,,
21,januyot,m,1,L1HB,HB,1,f,7,63,,,,
21,matanot,m,1,L1HB,HB,1,f,4,63,,,,
21,yamim,m,1,L1HB,HB,1,f,8,63,,,,
21,mitot,m,1,L1HB,HB,1,f,6,63,,,,
21,shtijim,m,0,L1HB,HB,1,nf,1,63,,,,
21,tojniot,m,1,L1HB,HB,1,nf,5,63,,,,
21,sfarim,m,1,L1HB,HB,1,f,6,63,,,,
22,seratim,m,1,L1HB,HB,1,f,8,65,,,,
22,haoalim,m,1,L1HB,HB,1,nf,3,65,,,,
22,heshojliot,m,1,L1HB,HB,1,nf,5,65,,,,
22,ubalim,m,1,L1HB,HB,1,nf,2,65,,,,
22,daltot,m,1,L1HB,HB,1,f,9,65,,,,
22,psukim,m,1,L1HB,HB,1,nf,5,65,,,,
22,dbarim,m,1,L1HB,HB,1,f,7,65,,,,
22,mehot,m,1,L1HB,HB,1,nf,4,65,,,,
22,todot,m,1,L1HB,HB,1,nf,2,65,,,,
22,januyot,m,1,L1HB,HB,1,f,8,65,,,,
22,matanot,m,1,L1HB,HB,1,f,6,65,,,,
22,yamim,m,1,L1HB,HB,1,f,9,65,,,,
22,mitot,m,1,L1HB,HB,1,f,7,65,,,,
22,shtijim,m,1,L1HB,HB,1,nf,3,65,,,,
22,tojniot,m,1,L1HB,HB,1,nf,4,65,,,,
22,sfarim,m,1,L1HB,HB,1,f,9,65,,,,
23,seratim,m,1,L1HB,HB,1,f,8,65,,,,
23,haoalim,m,1,L1HB,HB,1,nf,7,65,,,,
23,heshojliot,m,1,L1HB,HB,1,nf,7,65,,,,
23,ubalim,m,1,L1HB,HB,1,nf,3,65,,,,
23,daltot,m,1,L1HB,HB,1,f,9,65,,,,
23,psukim,m,1,L1HB,HB,1,nf,6,65,,,,
23,dbarim,m,1,L1HB,HB,1,f,9,65,,,,
23,mehot,m,1,L1HB,HB,1,nf,1,65,,,,
23,todot,m,1,L1HB,HB,1,nf,4,65,,,,
23,januyot,m,1,L1HB,HB,1,f,7,65,,,,
23,matanot,m,1,L1HB,HB,1,f,8,65,,,,
23,yamim,m,1,L1HB,HB,1,f,9,65,,,,
23,mitot,m,1,L1HB,HB,1,f,9,65,,,,
23,shtijim,m,1,L1HB,HB,1,nf,1,65,,,,
23,tojniot,m,1,L1HB,HB,1,nf,8,65,,,,
23,sfarim,m,1,L1HB,HB,1,f,7,65,,,,
24,seratim,m,1,L1HB,HB,1,f,8,67,,,,
24,haoalim,m,1,L1HB,HB,1,nf,5,67,,,,
24,heshojliot,m,1,L1HB,HB,1,nf,5,67,,,,
24,ubalim,m,0,L1HB,HB,1,nf,1,67,,,,
24,daltot,m,1,L1HB,HB,1,f,9,67,,,,
24,psukim,m,1,L1HB,HB,1,nf,8,67,,,,
24,dbarim,m,1,L1HB,HB,1,f,9,67,,,,
24,mehot,m,1,L1HB,HB,1,nf,1,67,,,,
24,todot,m,1,L1HB,HB,1,nf,4,67,,,,
24,januyot,m,1,L1HB,HB,1,f,9,67,,,,
24,matanot,m,1,L1HB,HB,1,f,6,67,,,,
24,yamim,m,1,L1HB,HB,1,f,9,67,,,,
24,mitot,m,1,L1HB,HB,1,f,8,67,,,,
24,shtijim,m,1,L1HB,HB,1,nf,1,67,,,,
24,tojniot,m,1,L1HB,HB,1,nf,6,67,,,,
24,sfarim,m,1,L1HB,HB,1,f,7,67,,,,
25,seratim,m,1,L1HB,HB,1,f,8,67,,,,
25,haoalim,m,1,L1HB,HB,1,nf,6,67,,,,
25,heshojliot,m,1,L1HB,HB,1,nf,7,67,,,,
25,ubalim,m,1,L1HB,HB,1,nf,2,67,,,,
25,daltot,m,1,L1HB,HB,1,f,9,67,,,,
25,psukim,m,1,L1HB,HB,1,nf,5,67,,,,
25,dbarim,m,1,L1HB,HB,1,f,9,67,,,,
25,mehot,m,1,L1HB,HB,1,nf,2,67,,,,
25,todot,m,1,L1HB,HB,1,nf,2,67,,,,
25,januyot,m,1,L1HB,HB,1,f,7,67,,,,
25,matanot,m,1,L1HB,HB,1,f,6,67,,,,
25,yamim,m,1,L1HB,HB,1,f,9,67,,,,
25,mitot,m,1,L1HB,HB,1,f,7,67,,,,
25,shtijim,m,1,L1HB,HB,1,nf,1,67,,,,
25,tojniot,m,1,L1HB,HB,1,nf,4,67,,,,
25,sfarim,m,1,L1HB,HB,1,f,8,67,,,,
26,seratim,m,1,L1HB,HB,1,f,7,64,,,,
26,haoalim,m,1,L1HB,HB,1,nf,4,64,,,,
26,heshojliot,m,1,L1HB,HB,1,nf,3,64,,,,
26,ubalim,m,1,L1HB,HB,1,nf,2,64,,,,
26,daltot,m,1,L1HB,HB,1,f,8,64,,,,
26,psukim,m,1,L1HB,HB,1,nf,4,64,,,,
26,dbarim,m,1,L1HB,HB,1,f,5,64,,,,
26,mehot,m,1,L1HB,HB,1,nf,2,64,,,,
26,todot,m,1,L1HB,HB,1,nf,2,64,,,,
26,januyot,m,1,L1HB,HB,1,f,7,64,,,,
26,matanot,m,1,L1HB,HB,1,f,6,64,,,,
26,yamim,m,1,L1HB,HB,1,f,7,64,,,,
26,mitot,m,1,L1HB,HB,1,f,7,64,,,,
26,shtijim,m,1,L1HB,HB,1,nf,3,64,,,,
26,tojniot,m,1,L1HB,HB,1,nf,5,64,,,,
26,sfarim,m,1,L1HB,HB,1,f,2,64,,,,
27,seratim,m,1,L1HB,HB,1,f,9,65,,,,
27,haoalim,m,1,L1HB,HB,1,nf,5,65,,,,
27,heshojliot,m,1,L1HB,HB,1,nf,5,65,,,,
27,ubalim,m,1,L1HB,HB,1,nf,3,65,,,,
27,daltot,m,1,L1HB,HB,1,f,9,65,,,,
27,psukim,m,1,L1HB,HB,1,nf,5,65,,,,
27,dbarim,m,1,L1HB,HB,1,f,7,65,,,,
27,mehot,m,1,L1HB,HB,1,nf,5,65,,,,
27,todot,m,0,L1HB,HB,1,nf,3,65,,,,
27,januyot,m,1,L1HB,HB,1,f,9,65,,,,
27,matanot,m,1,L1HB,HB,1,f,7,65,,,,
27,yamim,m,1,L1HB,HB,1,f,7,65,,,,
27,mitot,m,1,L1HB,HB,1,f,9,65,,,,
27,shtijim,m,1,L1HB,HB,1,nf,5,65,,,,
27,tojniot,m,1,L1HB,HB,1,nf,5,65,,,,
27,sfarim,m,1,L1HB,HB,1,f,6,65,,,,
28,seratim,m,1,L1HB,HB,1,f,6,64,,,,
28,haoalim,m,1,L1HB,HB,1,nf,4,64,,,,
28,heshojliot,m,1,L1HB,HB,1,nf,4,64,,,,
28,ubalim,m,1,L1HB,HB,1,nf,3,64,,,,
28,daltot,m,1,L1HB,HB,1,f,7,64,,,,
28,psukim,m,1,L1HB,HB,1,nf,5,64,,,,
28,dbarim,m,1,L1HB,HB,1,f,6,64,,,,
28,mehot,m,1,L1HB,HB,1,nf,3,64,,,,
28,todot,m,1,L1HB,HB,1,nf,3,64,,,,
28,januyot,m,1,L1HB,HB,1,f,7,64,,,,
28,matanot,m,1,L1HB,HB,1,f,5,64,,,,
28,yamim,m,1,L1HB,HB,1,f,6,64,,,,
28,mitot,m,1,L1HB,HB,1,f,7,64,,,,
28,shtijim,m,0,L1HB,HB,1,nf,3,64,,,,
28,tojniot,m,1,L1HB,HB,1,nf,4,64,,,,
28,sfarim,m,1,L1HB,HB,1,f,4,64,,,,
29,seratim,m,1,L1HB,HB,1,f,8,63,,,,
29,haoalim,m,1,L1HB,HB,1,nf,9,63,,,,
29,heshojliot,m,1,L1HB,HB,1,nf,7,63,,,,
29,ubalim,m,1,L1HB,HB,1,nf,7,63,,,,
29,daltot,m,1,L1HB,HB,1,f,8,63,,,,
29,psukim,m,1,L1HB,HB,1,nf,8,63,,,,
29,dbarim,m,1,L1HB,HB,1,f,9,63,,,,
29,mehot,m,0,L1HB,HB,1,nf,8,63,,,,
29,todot,m,1,L1HB,HB,1,nf,7,63,,,,
29,januyot,m,1,L1HB,HB,1,f,9,63,,,,
29,matanot,m,1,L1HB,HB,1,f,9,63,,,,
29,yamim,m,1,L1HB,HB,1,f,8,63,,,,
29,mitot,m,1,L1HB,HB,1,f,9,63,,,,
29,shtijim,m,1,L1HB,HB,1,nf,8,63,,,,
29,tojniot,m,1,L1HB,HB,1,nf,8,63,,,,
29,sfarim,m,1,L1HB,HB,1,f,9,63,,,,
30,seratim,m,1,L1HB,HB,1,f,9,65,,,,
30,haoalim,m,1,L1HB,HB,1,nf,6,65,,,,
30,heshojliot,m,1,L1HB,HB,1,nf,6,65,,,,
30,ubalim,m,1,L1HB,HB,1,nf,3,65,,,,
30,daltot,m,1,L1HB,HB,1,f,9,65,,,,
30,psukim,m,1,L1HB,HB,1,nf,9,65,,,,
30,dbarim,m,1,L1HB,HB,1,f,8,65,,,,
30,mehot,m,1,L1HB,HB,1,nf,6,65,,,,
30,todot,m,1,L1HB,HB,1,nf,3,65,,,,
30,januyot,m,1,L1HB,HB,1,f,9,65,,,,
30,matanot,m,1,L1HB,HB,1,f,8,65,,,,
30,yamim,m,1,L1HB,HB,1,f,8,65,,,,
30,mitot,m,1,L1HB,HB,1,f,9,65,,,,
30,shtijim,m,1,L1HB,HB,1,nf,2,65,,,,
30,tojniot,m,1,L1HB,HB,1,nf,8,65,,,,
30,sfarim,m,1,L1HB,HB,1,f,7,65,,,,
31,seratim,m,1,L1HB,HB,1,f,5,63,,,,
31,haoalim,m,1,L1HB,HB,1,nf,3,63,,,,
31,heshojliot,m,1,L1HB,HB,1,nf,3,63,,,,
31,ubalim,m,1,L1HB,HB,1,nf,2,63,,,,
31,daltot,m,1,L1HB,HB,1,f,7,63,,,,
31,psukim,m,1,L1HB,HB,1,nf,7,63,,,,
31,dbarim,m,1,L1HB,HB,1,f,7,63,,,,
31,mehot,m,1,L1HB,HB,1,nf,2,63,,,,
31,todot,m,1,L1HB,HB,1,nf,2,63,,,,
31,januyot,m,1,L1HB,HB,1,f,5,63,,,,
31,matanot,m,1,L1HB,HB,1,f,7,63,,,,
31,yamim,m,1,L1HB,HB,1,f,5,63,,,,
31,mitot,m,1,L1HB,HB,1,f,5,63,,,,
31,shtijim,m,1,L1HB,HB,1,nf,2,63,,,,
31,tojniot,m,1,L1HB,HB,1,nf,8,63,,,,
31,sfarim,m,1,L1HB,HB,1,f,7,63,,,,
32,seratim,m,1,L1HB,HB,1,f,6,62,,,,
32,haoalim,m,1,L1HB,HB,1,nf,3,62,,,,
32,heshojliot,m,1,L1HB,HB,1,nf,4,62,,,,
32,ubalim,m,1,L1HB,HB,1,nf,2,62,,,,
32,daltot,m,1,L1HB,HB,1,f,6,62,,,,
32,psukim,m,1,L1HB,HB,1,nf,5,62,,,,
32,dbarim,m,1,L1HB,HB,1,f,7,62,,,,
32,mehot,m,1,L1HB,HB,1,nf,3,62,,,,
32,todot,m,1,L1HB,HB,1,nf,3,62,,,,
32,januyot,m,1,L1HB,HB,1,f,6,62,,,,
32,matanot,m,1,L1HB,HB,1,f,5,62,,,,
32,yamim,m,1,L1HB,HB,1,f,7,62,,,,
32,mitot,m,1,L1HB,HB,1,f,6,62,,,,
32,shtijim,m,1,L1HB,HB,1,nf,3,62,,,,
32,tojniot,m,1,L1HB,HB,1,nf,4,62,,,,
32,sfarim,m,1,L1HB,HB,1,f,5,62,,,,
1,lapices,nm,1,L1SP,SP,1,f,,67,,,,
1,jardines,nm,1,L1SP,SP,1,nf,,67,,,,
1,coches,nm,1,L1SP,SP,1,f,,67,,,,
1,paises,nm,1,L1SP,SP,1,f,,67,,,,
1,caries,nm,1,L1SP,SP,1,nf,,67,,,,
1,peines,nm,1,L1SP,SP,1,nf,,67,,,,
1,fuentes,nm,1,L1SP,SP,1,nf,,67,,,,
1,sobres,nm,1,L1SP,SP,1,nf,,67,,,,
1,leches ,m,1,L1SP,SP,1,f,,67,,,,
1,nubes,nm,1,L1SP,SP,1,nf,,67,,,,
1,muertes ,m,1,L1SP,SP,1,f,,67,,,,
1,arboles,nm,1,L1SP,SP,1,f,,67,,,,
1,buzones,nm,1,L1SP,SP,1,nf,,67,,,,
1,calles,nm,1,L1SP,SP,1,f,,67,,,,
1,carnes ,m,1,L1SP,SP,1,nf,,67,,,,
1,clases,nm,1,L1SP,SP,1,f,,67,,,,
2,lapices,nm,1,L1SP,SP,1,f,6,67,,,,
2,jardines,nm,1,L1SP,SP,1,nf,1,67,,,,
2,coches,nm,1,L1SP,SP,1,f,5,67,,,,
2,paises,nm,1,L1SP,SP,1,f,7,67,,,,
2,caries,nm,1,L1SP,SP,1,nf,4,67,,,,
2,peines,nm,1,L1SP,SP,1,nf,1,67,,,,
2,fuentes,nm,1,L1SP,SP,1,nf,3,67,,,,
2,sobres,nm,1,L1SP,SP,1,nf,2,67,,,,
2,leches ,m,1,L1SP,SP,1,f,1,67,,,,
2,nubes,nm,1,L1SP,SP,1,nf,1,67,,,,
2,muertes ,m,0,L1SP,SP,1,f,3,67,,,,
2,arboles,nm,1,L1SP,SP,1,f,4,67,,,,
2,buzones,nm,1,L1SP,SP,1,nf,4,67,,,,
2,calles,nm,1,L1SP,SP,1,f,2,67,,,,
2,carnes ,m,1,L1SP,SP,1,nf,3,67,,,,
2,clases,nm,1,L1SP,SP,1,f,5,67,,,,
3,lapices,nm,1,L1SP,SP,1,f,8,64,,,,
3,jardines,nm,1,L1SP,SP,1,nf,4,64,,,,
3,coches,nm,1,L1SP,SP,1,f,8,64,,,,
3,paises,nm,1,L1SP,SP,1,f,9,64,,,,
3,caries,nm,0,L1SP,SP,1,nf,5,64,,,,
3,peines,nm,1,L1SP,SP,1,nf,4,64,,,,
3,fuentes,nm,1,L1SP,SP,1,nf,3,64,,,,
3,sobres,nm,1,L1SP,SP,1,nf,5,64,,,,
3,leches ,m,1,L1SP,SP,1,f,4,64,,,,
3,nubes,nm,1,L1SP,SP,1,nf,4,64,,,,
3,muertes ,m,1,L1SP,SP,1,f,7,64,,,,
3,arboles,nm,1,L1SP,SP,1,f,7,64,,,,
3,buzones,nm,1,L1SP,SP,1,nf,4,64,,,,
3,calles,nm,1,L1SP,SP,1,f,6,64,,,,
3,carnes ,m,1,L1SP,SP,1,nf,3,64,,,,
3,clases,nm,1,L1SP,SP,1,f,9,64,,,,
4,lapices,nm,1,L1SP,SP,1,f,9,63,,,,
4,jardines,nm,1,L1SP,SP,1,nf,3,63,,,,
4,coches,nm,1,L1SP,SP,1,f,8,63,,,,
4,paises,nm,1,L1SP,SP,1,f,9,63,,,,
4,caries,nm,1,L1SP,SP,1,nf,9,63,,,,
4,peines,nm,1,L1SP,SP,1,nf,4,63,,,,
4,fuentes,nm,1,L1SP,SP,1,nf,3,63,,,,
4,sobres,nm,1,L1SP,SP,1,nf,7,63,,,,
4,leches ,m,1,L1SP,SP,1,f,4,63,,,,
4,nubes,nm,1,L1SP,SP,1,nf,5,63,,,,
4,muertes ,m,1,L1SP,SP,1,f,4,63,,,,
4,arboles,nm,1,L1SP,SP,1,f,7,63,,,,
4,buzones,nm,1,L1SP,SP,1,nf,5,63,,,,
4,calles,nm,1,L1SP,SP,1,f,4,63,,,,
4,carnes ,m,1,L1SP,SP,1,nf,3,63,,,,
4,clases,nm,1,L1SP,SP,1,f,7,63,,,,
5,lapices,nm,1,L1SP,SP,1,f,9,63,,,,
5,jardines,nm,1,L1SP,SP,1,nf,3,63,,,,
5,coches,nm,1,L1SP,SP,1,f,7,63,,,,
5,paises,nm,1,L1SP,SP,1,f,8,63,,,,
5,caries,nm,1,L1SP,SP,1,nf,7,63,,,,
5,peines,nm,1,L1SP,SP,1,nf,3,63,,,,
5,fuentes,nm,1,L1SP,SP,1,nf,5,63,,,,
5,sobres,nm,1,L1SP,SP,1,nf,5,63,,,,
5,leches ,m,1,L1SP,SP,1,f,4,63,,,,
5,nubes,nm,1,L1SP,SP,1,nf,1,63,,,,
5,muertes ,m,1,L1SP,SP,1,f,7,63,,,,
5,arboles,nm,1,L1SP,SP,1,f,6,63,,,,
5,buzones,nm,1,L1SP,SP,1,nf,7,63,,,,
5,calles,nm,1,L1SP,SP,1,f,8,63,,,,
5,carnes ,m,1,L1SP,SP,1,nf,6,63,,,,
5,clases,nm,1,L1SP,SP,1,f,7,63,,,,
6,lapices,nm,1,L1SP,SP,1,f,3,63,,,,
6,jardines,nm,1,L1SP,SP,1,nf,2,63,,,,
6,coches,nm,1,L1SP,SP,1,f,5,63,,,,
6,paises,nm,1,L1SP,SP,1,f,5,63,,,,
6,caries,nm,1,L1SP,SP,1,nf,5,63,,,,
6,peines,nm,1,L1SP,SP,1,nf,2,63,,,,
6,fuentes,nm,1,L1SP,SP,1,nf,2,63,,,,
6,sobres,nm,1,L1SP,SP,1,nf,3,63,,,,
6,leches ,m,1,L1SP,SP,1,f,5,63,,,,
6,nubes,nm,1,L1SP,SP,1,nf,1,63,,,,
6,muertes ,m,1,L1SP,SP,1,f,5,63,,,,
6,arboles,nm,1,L1SP,SP,1,f,3,63,,,,
6,buzones,nm,1,L1SP,SP,1,nf,2,63,,,,
6,calles,nm,1,L1SP,SP,1,f,3,63,,,,
6,carnes ,m,1,L1SP,SP,1,nf,2,63,,,,
6,clases,nm,1,L1SP,SP,1,f,5,63,,,,
7,lapices,nm,1,L1SP,SP,1,f,3,65,,,,
7,jardines,nm,0,L1SP,SP,1,nf,1,65,,,,
7,coches,nm,0,L1SP,SP,1,f,4,65,,,,
7,paises,nm,1,L1SP,SP,1,f,9,65,,,,
7,caries,nm,1,L1SP,SP,1,nf,4,65,,,,
7,peines,nm,1,L1SP,SP,1,nf,1,65,,,,
7,fuentes,nm,1,L1SP,SP,1,nf,1,65,,,,
7,sobres,nm,1,L1SP,SP,1,nf,1,65,,,,
7,leches ,m,1,L1SP,SP,1,f,1,65,,,,
7,nubes,nm,1,L1SP,SP,1,nf,1,65,,,,
7,muertes ,m,1,L1SP,SP,1,f,1,65,,,,
7,arboles,nm,0,L1SP,SP,1,f,4,65,,,,
7,buzones,nm,1,L1SP,SP,1,nf,3,65,,,,
7,calles,nm,1,L1SP,SP,1,f,3,65,,,,
7,carnes ,m,1,L1SP,SP,1,nf,4,65,,,,
7,clases,nm,1,L1SP,SP,1,f,9,65,,,,
8,lapices,nm,1,L1SP,SP,1,f,6,65,,,,
8,jardines,nm,1,L1SP,SP,1,nf,2,65,,,,
8,coches,nm,1,L1SP,SP,1,f,6,65,,,,
8,paises,nm,1,L1SP,SP,1,f,8,65,,,,
8,caries,nm,1,L1SP,SP,1,nf,5,65,,,,
8,peines,nm,1,L1SP,SP,1,nf,2,65,,,,
8,fuentes,nm,1,L1SP,SP,1,nf,4,65,,,,
8,sobres,nm,1,L1SP,SP,1,nf,2,65,,,,
8,leches ,m,1,L1SP,SP,1,f,2,65,,,,
8,nubes,nm,1,L1SP,SP,1,nf,1,65,,,,
8,muertes ,m,1,L1SP,SP,1,f,2,65,,,,
8,arboles,nm,1,L1SP,SP,1,f,4,65,,,,
8,buzones,nm,1,L1SP,SP,1,nf,3,65,,,,
8,calles,nm,1,L1SP,SP,1,f,3,65,,,,
8,carnes ,m,1,L1SP,SP,1,nf,3,65,,,,
8,clases,nm,1,L1SP,SP,1,f,7,65,,,,
9,lapices,nm,1,L1SP,SP,1,f,7,65,,,,
9,jardines,nm,0,L1SP,SP,1,nf,1,65,,,,
9,coches,nm,1,L1SP,SP,1,f,5,65,,,,
9,paises,nm,1,L1SP,SP,1,f,7,65,,,,
9,caries,nm,1,L1SP,SP,1,nf,7,65,,,,
9,peines,nm,1,L1SP,SP,1,nf,3,65,,,,
9,fuentes,nm,1,L1SP,SP,1,nf,2,65,,,,
9,sobres,nm,1,L1SP,SP,1,nf,3,65,,,,
9,leches ,m,1,L1SP,SP,1,f,2,65,,,,
9,nubes,nm,1,L1SP,SP,1,nf,1,65,,,,
9,muertes ,m,1,L1SP,SP,1,f,2,65,,,,
9,arboles,nm,1,L1SP,SP,1,f,2,65,,,,
9,buzones,nm,1,L1SP,SP,1,nf,3,65,,,,
9,calles,nm,1,L1SP,SP,1,f,5,65,,,,
9,carnes ,m,0,L1SP,SP,1,nf,3,65,,,,
9,clases,nm,1,L1SP,SP,1,f,7,65,,,,
10,lapices,nm,1,L1SP,SP,1,f,7,65,,,,
10,jardines,nm,1,L1SP,SP,1,nf,2,65,,,,
10,coches,nm,1,L1SP,SP,1,f,2,65,,,,
10,paises,nm,1,L1SP,SP,1,f,9,65,,,,
10,caries,nm,1,L1SP,SP,1,nf,5,65,,,,
10,peines,nm,1,L1SP,SP,1,nf,2,65,,,,
10,fuentes,nm,1,L1SP,SP,1,nf,3,65,,,,
10,sobres,nm,1,L1SP,SP,1,nf,5,65,,,,
10,leches ,m,1,L1SP,SP,1,f,5,65,,,,
10,nubes,nm,1,L1SP,SP,1,nf,4,65,,,,
10,muertes ,m,1,L1SP,SP,1,f,6,65,,,,
10,arboles,nm,1,L1SP,SP,1,f,2,65,,,,
10,buzones,nm,1,L1SP,SP,1,nf,6,65,,,,
10,calles,nm,1,L1SP,SP,1,f,7,65,,,,
10,carnes ,m,1,L1SP,SP,1,nf,3,65,,,,
10,clases,nm,1,L1SP,SP,1,f,8,65,,,,
11,lapices,nm,1,L1SP,SP,1,f,4,62,,,,
11,jardines,nm,1,L1SP,SP,1,nf,3,62,,,,
11,coches,nm,1,L1SP,SP,1,f,3,62,,,,
11,paises,nm,1,L1SP,SP,1,f,7,62,,,,
11,caries,nm,1,L1SP,SP,1,nf,7,62,,,,
11,peines,nm,1,L1SP,SP,1,nf,3,62,,,,
11,fuentes,nm,1,L1SP,SP,1,nf,3,62,,,,
11,sobres,nm,1,L1SP,SP,1,nf,5,62,,,,
11,leches ,m,1,L1SP,SP,1,f,2,62,,,,
11,nubes,nm,1,L1SP,SP,1,nf,1,62,,,,
11,muertes ,m,1,L1SP,SP,1,f,1,62,,,,
11,arboles,nm,1,L1SP,SP,1,f,3,62,,,,
11,buzones,nm,1,L1SP,SP,1,nf,3,62,,,,
11,calles,nm,1,L1SP,SP,1,f,3,62,,,,
11,carnes ,m,1,L1SP,SP,1,nf,3,62,,,,
11,clases,nm,1,L1SP,SP,1,f,5,62,,,,
12,lapices,nm,1,L1SP,SP,1,f,7,63,,,,
12,jardines,nm,1,L1SP,SP,1,nf,2,63,,,,
12,coches,nm,1,L1SP,SP,1,f,4,63,,,,
12,paises,nm,1,L1SP,SP,1,f,7,63,,,,
12,caries,nm,1,L1SP,SP,1,nf,4,63,,,,
12,peines,nm,1,L1SP,SP,1,nf,2,63,,,,
12,fuentes,nm,1,L1SP,SP,1,nf,2,63,,,,
12,sobres,nm,1,L1SP,SP,1,nf,2,63,,,,
12,leches ,m,1,L1SP,SP,1,f,2,63,,,,
12,nubes,nm,1,L1SP,SP,1,nf,2,63,,,,
12,muertes ,m,1,L1SP,SP,1,f,4,63,,,,
12,arboles,nm,1,L1SP,SP,1,f,2,63,,,,
12,buzones,nm,1,L1SP,SP,1,nf,2,63,,,,
12,calles,nm,1,L1SP,SP,1,f,4,63,,,,
12,carnes ,m,1,L1SP,SP,1,nf,2,63,,,,
13,clases,nm,1,L1SP,SP,1,f,6,63,,,,
13,lapices,nm,1,L1SP,SP,1,f,3,65,,,,
13,jardines,nm,1,L1SP,SP,1,nf,1,65,,,,
13,coches,nm,1,L1SP,SP,1,f,7,65,,,,
13,paises,nm,1,L1SP,SP,1,f,7,65,,,,
13,caries,nm,1,L1SP,SP,1,nf,5,65,,,,
13,peines,nm,1,L1SP,SP,1,nf,3,65,,,,
13,fuentes,nm,1,L1SP,SP,1,nf,3,65,,,,
13,sobres,nm,1,L1SP,SP,1,nf,2,65,,,,
13,leches ,m,1,L1SP,SP,1,f,2,65,,,,
13,nubes,nm,1,L1SP,SP,1,nf,1,65,,,,
13,muertes ,m,1,L1SP,SP,1,f,3,65,,,,
13,arboles,nm,1,L1SP,SP,1,f,7,65,,,,
13,buzones,nm,1,L1SP,SP,1,nf,3,65,,,,
13,calles,nm,1,L1SP,SP,1,f,3,65,,,,
13,carnes ,m,1,L1SP,SP,1,nf,2,65,,,,
13,clases,nm,1,L1SP,SP,1,f,7,65,,,,
14,lapices,nm,1,L1SP,SP,1,f,7,65,,,,
14,jardines,nm,1,L1SP,SP,1,nf,6,65,,,,
14,coches,nm,1,L1SP,SP,1,f,9,65,,,,
14,paises,nm,1,L1SP,SP,1,f,9,65,,,,
14,caries,nm,1,L1SP,SP,1,nf,7,65,,,,
14,peines,nm,1,L1SP,SP,1,nf,7,65,,,,
14,fuentes,nm,1,L1SP,SP,1,nf,4,65,,,,
14,sobres,nm,1,L1SP,SP,1,nf,7,65,,,,
14,leches ,m,1,L1SP,SP,1,f,5,65,,,,
14,nubes,nm,1,L1SP,SP,1,nf,3,65,,,,
14,muertes ,m,1,L1SP,SP,1,f,6,65,,,,
14,arboles,nm,1,L1SP,SP,1,f,9,65,,,,
14,buzones,nm,1,L1SP,SP,1,nf,7,65,,,,
14,calles,nm,1,L1SP,SP,1,f,5,65,,,,
14,carnes ,m,1,L1SP,SP,1,nf,4,65,,,,
14,clases,nm,1,L1SP,SP,1,f,8,65,,,,
15,lapices,nm,1,L1SP,SP,1,f,5,64,,,,
15,jardines,nm,1,L1SP,SP,1,nf,2,64,,,,
15,coches,nm,1,L1SP,SP,1,f,7,64,,,,
15,paises,nm,1,L1SP,SP,1,f,5,64,,,,
15,caries,nm,1,L1SP,SP,1,nf,3,64,,,,
15,peines,nm,0,L1SP,SP,1,nf,2,64,,,,
15,fuentes,nm,1,L1SP,SP,1,nf,3,64,,,,
15,sobres,nm,1,L1SP,SP,1,nf,1,64,,,,
15,leches ,m,1,L1SP,SP,1,f,3,64,,,,
15,nubes,nm,1,L1SP,SP,1,nf,2,64,,,,
15,muertes ,m,,L1SP,SP,1,f,5,64,,,,
15,arboles,nm,1,L1SP,SP,1,f,5,64,,,,
15,buzones,nm,1,L1SP,SP,1,nf,2,64,,,,
15,calles,nm,1,L1SP,SP,1,f,3,64,,,,
15,carnes ,m,1,L1SP,SP,1,nf,3,64,,,,
15,clases,nm,1,L1SP,SP,1,f,3,64,,,,
16,lapices,nm,1,L1SP,SP,1,f,8,64,,,,
16,jardines,nm,1,L1SP,SP,1,nf,3,64,,,,
16,coches,nm,1,L1SP,SP,1,f,9,64,,,,
16,paises,nm,1,L1SP,SP,1,f,9,64,,,,
16,caries,nm,1,L1SP,SP,1,nf,3,64,,,,
16,peines,nm,1,L1SP,SP,1,nf,8,64,,,,
16,fuentes,nm,1,L1SP,SP,1,nf,5,64,,,,
16,sobres,nm,1,L1SP,SP,1,nf,5,64,,,,
16,leches ,m,1,L1SP,SP,1,f,7,64,,,,
16,nubes,nm,1,L1SP,SP,1,nf,5,64,,,,
16,muertes ,m,1,L1SP,SP,1,f,6,64,,,,
16,arboles,nm,1,L1SP,SP,1,f,4,64,,,,
16,buzones,nm,1,L1SP,SP,1,nf,4,64,,,,
16,calles,nm,1,L1SP,SP,1,f,7,64,,,,
16,carnes ,m,1,L1SP,SP,1,nf,,64,,,,
16,clases,nm,0,L1SP,SP,1,f,6,64,,,,
17,lapices,nm,1,L1SP,SP,1,f,7,67,,,,
17,jardines,nm,1,L1SP,SP,1,nf,1,67,,,,
17,coches,nm,1,L1SP,SP,1,f,6,67,,,,
17,paises,nm,1,L1SP,SP,1,f,9,67,,,,
17,caries,nm,1,L1SP,SP,1,nf,5,67,,,,
17,peines,nm,1,L1SP,SP,1,nf,1,67,,,,
17,fuentes,nm,1,L1SP,SP,1,nf,3,67,,,,
17,sobres,nm,1,L1SP,SP,1,nf,4,67,,,,
17,leches ,m,1,L1SP,SP,1,f,9,67,,,,
17,nubes,nm,1,L1SP,SP,1,nf,1,67,,,,
17,muertes ,m,1,L1SP,SP,1,f,9,67,,,,
17,arboles,nm,1,L1SP,SP,1,f,7,67,,,,
17,buzones,nm,1,L1SP,SP,1,nf,3,67,,,,
17,calles,nm,1,L1SP,SP,1,f,7,67,,,,
17,carnes ,m,1,L1SP,SP,1,nf,3,67,,,,
17,clases,nm,1,L1SP,SP,1,f,9,67,,,,
18,lapices,nm,1,L1SP,SP,1,f,5,67,,,,
18,jardines,nm,0,L1SP,SP,1,nf,3,67,,,,
18,coches,nm,1,L1SP,SP,1,f,7,67,,,,
18,paises,nm,1,L1SP,SP,1,f,9,67,,,,
18,caries,nm,1,L1SP,SP,1,nf,6,67,,,,
18,peines,nm,1,L1SP,SP,1,nf,4,67,,,,
18,fuentes,nm,1,L1SP,SP,1,nf,3,67,,,,
18,sobres,nm,1,L1SP,SP,1,nf,5,67,,,,
18,leches ,m,1,L1SP,SP,1,f,3,67,,,,
18,nubes,nm,1,L1SP,SP,1,nf,5,67,,,,
18,muertes ,m,1,L1SP,SP,1,f,5,67,,,,
18,arboles,nm,0,L1SP,SP,1,f,7,67,,,,
18,buzones,nm,1,L1SP,SP,1,nf,4,67,,,,
18,calles,nm,1,L1SP,SP,1,f,4,67,,,,
18,carnes ,m,1,L1SP,SP,1,nf,4,67,,,,
18,clases,nm,1,L1SP,SP,1,f,8,67,,,,
19,lapices,nm,1,L1SP,SP,1,f,5,62,,,,
19,jardines,nm,0,L1SP,SP,1,nf,2,62,,,,
19,coches,nm,1,L1SP,SP,1,f,5,62,,,,
19,paises,nm,1,L1SP,SP,1,f,9,62,,,,
19,caries,nm,1,L1SP,SP,1,nf,3,62,,,,
19,peines,nm,1,L1SP,SP,1,nf,1,62,,,,
19,fuentes,nm,1,L1SP,SP,1,nf,1,62,,,,
19,sobres,nm,1,L1SP,SP,1,nf,3,62,,,,
19,leches ,m,1,L1SP,SP,1,f,3,62,,,,
19,nubes,nm,1,L1SP,SP,1,nf,2,62,,,,
19,muertes ,m,1,L1SP,SP,1,f,3,62,,,,
19,arboles,nm,1,L1SP,SP,1,f,5,62,,,,
19,buzones,nm,1,L1SP,SP,1,nf,3,62,,,,
19,calles,nm,1,L1SP,SP,1,f,3,62,,,,
19,carnes ,m,0,L1SP,SP,1,nf,1,62,,,,
19,clases,nm,1,L1SP,SP,1,f,7,62,,,,
20,lapices,nm,1,L1SP,SP,1,f,7,64,,,,
20,jardines,nm,1,L1SP,SP,1,nf,2,64,,,,
20,coches,nm,1,L1SP,SP,1,f,7,64,,,,
20,paises,nm,1,L1SP,SP,1,f,9,64,,,,
20,caries,nm,1,L1SP,SP,1,nf,8,64,,,,
20,peines,nm,1,L1SP,SP,1,nf,2,64,,,,
20,fuentes,nm,1,L1SP,SP,1,nf,2,64,,,,
20,sobres,nm,1,L1SP,SP,1,nf,1,64,,,,
20,leches ,m,1,L1SP,SP,1,f,1,64,,,,
20,nubes,nm,1,L1SP,SP,1,nf,1,64,,,,
20,muertes ,m,1,L1SP,SP,1,f,1,64,,,,
20,arboles,nm,1,L1SP,SP,1,f,6,64,,,,
20,buzones,nm,1,L1SP,SP,1,nf,4,64,,,,
20,calles,nm,1,L1SP,SP,1,f,3,64,,,,
20,carnes ,m,0,L1SP,SP,1,nf,3,64,,,,
20,clases,nm,1,L1SP,SP,1,f,8,64,,,,
21,lapices,nm,1,L1SP,SP,1,f,5,65,,,,
21,jardines,nm,1,L1SP,SP,1,nf,3,65,,,,
21,coches,nm,1,L1SP,SP,1,f,7,65,,,,
21,paises,nm,1,L1SP,SP,1,f,7,65,,,,
21,caries,nm,1,L1SP,SP,1,nf,7,65,,,,
21,peines,nm,1,L1SP,SP,1,nf,2,65,,,,
21,fuentes,nm,1,L1SP,SP,1,nf,2,65,,,,
21,sobres,nm,1,L1SP,SP,1,nf,2,65,,,,
21,leches ,m,1,L1SP,SP,1,f,1,65,,,,
21,nubes,nm,1,L1SP,SP,1,nf,1,65,,,,
21,muertes ,m,1,L1SP,SP,1,f,1,65,,,,
21,arboles,nm,,L1SP,SP,1,f,5,65,,,,
21,buzones,nm,1,L1SP,SP,1,nf,5,65,,,,
21,calles,nm,1,L1SP,SP,1,f,2,65,,,,
21,carnes ,m,1,L1SP,SP,1,nf,3,65,,,,
21,clases,nm,1,L1SP,SP,1,f,5,65,,,,
22,lapices,nm,1,L1SP,SP,1,f,7,65,,,,
22,jardines,nm,1,L1SP,SP,1,nf,2,65,,,,
22,coches,nm,1,L1SP,SP,1,f,7,65,,,,
22,paises,nm,1,L1SP,SP,1,f,7,65,,,,
22,caries,nm,1,L1SP,SP,1,nf,5,65,,,,
22,peines,nm,1,L1SP,SP,1,nf,2,65,,,,
22,fuentes,nm,1,L1SP,SP,1,nf,3,65,,,,
22,sobres,nm,1,L1SP,SP,1,nf,2,65,,,,
22,leches ,m,1,L1SP,SP,1,f,5,65,,,,
22,nubes,nm,1,L1SP,SP,1,nf,1,65,,,,
22,muertes ,m,1,L1SP,SP,1,f,5,65,,,,
22,arboles,nm,1,L1SP,SP,1,f,7,65,,,,
22,buzones,nm,1,L1SP,SP,1,nf,5,65,,,,
22,calles,nm,1,L1SP,SP,1,f,7,65,,,,
22,carnes ,m,1,L1SP,SP,1,nf,3,65,,,,
22,clases,nm,1,L1SP,SP,1,f,7,67,,,,
23,lapices,nm,1,L1SP,SP,1,f,5,67,,,,
23,jardines,nm,1,L1SP,SP,1,nf,2,67,,,,
23,coches,nm,1,L1SP,SP,1,f,3,67,,,,
23,paises,nm,1,L1SP,SP,1,f,7,67,,,,
23,caries,nm,1,L1SP,SP,1,nf,8,67,,,,
23,peines,nm,1,L1SP,SP,1,nf,2,67,,,,
23,fuentes,nm,1,L1SP,SP,1,nf,4,67,,,,
23,sobres,nm,1,L1SP,SP,1,nf,2,67,,,,
23,leches ,m,1,L1SP,SP,1,f,2,67,,,,
23,nubes,nm,1,L1SP,SP,1,nf,1,67,,,,
23,muertes ,m,1,L1SP,SP,1,f,2,67,,,,
23,arboles,nm,1,L1SP,SP,1,f,3,67,,,,
23,buzones,nm,1,L1SP,SP,1,nf,5,67,,,,
23,calles,nm,1,L1SP,SP,1,f,3,67,,,,
23,carnes ,m,1,L1SP,SP,1,nf,3,67,,,,
23,clases,nm,1,L1SP,SP,1,f,8,67,,,,
24,lapices,nm,1,L1SP,SP,1,f,7,67,,,,
24,jardines,nm,1,L1SP,SP,1,nf,2,67,,,,
24,coches,nm,1,L1SP,SP,1,f,8,67,,,,
24,paises,nm,1,L1SP,SP,1,f,9,67,,,,
24,caries,nm,1,L1SP,SP,1,nf,5,67,,,,
24,peines,nm,1,L1SP,SP,1,nf,2,67,,,,
24,fuentes,nm,1,L1SP,SP,1,nf,3,67,,,,
24,sobres,nm,1,L1SP,SP,1,nf,4,67,,,,
24,leches ,m,1,L1SP,SP,1,f,1,67,,,,
24,nubes,nm,1,L1SP,SP,1,nf,1,67,,,,
24,muertes ,m,1,L1SP,SP,1,f,1,67,,,,
24,arboles,nm,1,L1SP,SP,1,f,8,67,,,,
24,buzones,nm,1,L1SP,SP,1,nf,3,67,,,,
24,calles,nm,1,L1SP,SP,1,f,3,67,,,,
24,carnes ,m,1,L1SP,SP,1,nf,3,67,,,,
24,clases,nm,1,L1SP,SP,1,f,8,67,,,,
25,lapices,nm,1,L1SP,SP,1,f,3,64,,,,
25,jardines,nm,1,L1SP,SP,1,nf,1,64,,,,
25,coches,nm,1,L1SP,SP,1,f,3,64,,,,
25,paises,nm,1,L1SP,SP,1,f,8,64,,,,
25,caries,nm,1,L1SP,SP,1,nf,5,64,,,,
25,peines,nm,1,L1SP,SP,1,nf,1,64,,,,
25,fuentes,nm,0,L1SP,SP,1,nf,2,64,,,,
25,sobres,nm,1,L1SP,SP,1,nf,3,64,,,,
25,leches ,m,1,L1SP,SP,1,f,2,64,,,,
25,nubes,nm,1,L1SP,SP,1,nf,1,64,,,,
25,muertes ,m,1,L1SP,SP,1,f,2,64,,,,
25,arboles,nm,1,L1SP,SP,1,f,3,64,,,,
25,buzones,nm,1,L1SP,SP,1,nf,5,64,,,,
25,calles,nm,1,L1SP,SP,1,f,3,64,,,,
25,carnes ,m,1,L1SP,SP,1,nf,2,64,,,,
25,clases,nm,1,L1SP,SP,1,f,7,64,,,,
26,lapices,nm,1,L1SP,SP,1,f,9,64,,,,
26,jardines,nm,0,L1SP,SP,1,nf,1,64,,,,
26,coches,nm,0,L1SP,SP,1,f,4,64,,,,
26,paises,nm,1,L1SP,SP,1,f,8,64,,,,
26,caries,nm,1,L1SP,SP,1,nf,8,64,,,,
26,peines,nm,0,L1SP,SP,1,nf,2,64,,,,
26,fuentes,nm,1,L1SP,SP,1,nf,2,64,,,,
26,sobres,nm,1,L1SP,SP,1,nf,7,64,,,,
26,leches ,m,1,L1SP,SP,1,f,9,64,,,,
26,nubes,nm,1,L1SP,SP,1,nf,3,64,,,,
26,muertes ,m,1,L1SP,SP,1,f,9,64,,,,
26,arboles,nm,1,L1SP,SP,1,f,2,64,,,,
26,buzones,nm,1,L1SP,SP,1,nf,2,64,,,,
26,calles,nm,1,L1SP,SP,1,f,9,64,,,,
26,carnes ,m,1,L1SP,SP,1,nf,2,64,,,,
26,clases,nm,1,L1SP,SP,1,f,6,64,,,,
27,lapices,nm,1,L1SP,SP,1,f,5,65,,,,
27,jardines,nm,1,L1SP,SP,1,nf,5,65,,,,
27,coches,nm,1,L1SP,SP,1,f,5,65,,,,
27,paises,nm,1,L1SP,SP,1,f,9,65,,,,
27,caries,nm,1,L1SP,SP,1,nf,3,65,,,,
27,peines,nm,1,L1SP,SP,1,nf,3,65,,,,
27,fuentes,nm,1,L1SP,SP,1,nf,2,65,,,,
27,sobres,nm,1,L1SP,SP,1,nf,3,65,,,,
27,leches ,m,1,L1SP,SP,1,f,2,65,,,,
27,nubes,nm,1,L1SP,SP,1,nf,2,65,,,,
27,muertes ,m,1,L1SP,SP,1,f,3,65,,,,
27,arboles,nm,1,L1SP,SP,1,f,5,65,,,,
27,buzones,nm,1,L1SP,SP,1,nf,3,65,,,,
27,calles,nm,1,L1SP,SP,1,f,5,65,,,,
27,carnes ,m,1,L1SP,SP,1,nf,2,65,,,,
27,clases,nm,1,L1SP,SP,1,f,5,65,,,,
28,lapices,nm,1,L1SP,SP,1,f,8,67,,,,
28,jardines,nm,1,L1SP,SP,1,nf,1,67,,,,
28,coches,nm,1,L1SP,SP,1,f,6,67,,,,
28,paises,nm,1,L1SP,SP,1,f,9,67,,,,
28,caries,nm,1,L1SP,SP,1,nf,6,67,,,,
28,peines,nm,1,L1SP,SP,1,nf,3,67,,,,
28,fuentes,nm,1,L1SP,SP,1,nf,3,67,,,,
28,sobres,nm,1,L1SP,SP,1,nf,1,67,,,,
28,leches ,m,1,L1SP,SP,1,f,7,67,,,,
28,nubes,nm,1,L1SP,SP,1,nf,1,67,,,,
28,muertes ,m,1,L1SP,SP,1,f,9,67,,,,
28,arboles,nm,1,L1SP,SP,1,f,5,67,,,,
28,buzones,nm,1,L1SP,SP,1,nf,5,67,,,,
28,calles,nm,1,L1SP,SP,1,f,7,67,,,,
28,carnes ,m,1,L1SP,SP,1,nf,3,67,,,,
28,clases,nm,1,L1SP,SP,1,f,8,67,,,,
29,lapices,nm,1,L1SP,SP,1,f,7,63,,,,
29,jardines,nm,1,L1SP,SP,1,nf,2,63,,,,
29,coches,nm,1,L1SP,SP,1,f,4,63,,,,
29,paises,nm,1,L1SP,SP,1,f,9,63,,,,
29,caries,nm,1,L1SP,SP,1,nf,5,63,,,,
29,peines,nm,1,L1SP,SP,1,nf,2,63,,,,
29,fuentes,nm,1,L1SP,SP,1,nf,3,63,,,,
29,sobres,nm,1,L1SP,SP,1,nf,3,63,,,,
29,leches ,m,1,L1SP,SP,1,f,3,63,,,,
29,nubes,nm,1,L1SP,SP,1,nf,1,63,,,,
29,muertes ,m,1,L1SP,SP,1,f,3,63,,,,
29,arboles,nm,1,L1SP,SP,1,f,4,63,,,,
29,buzones,nm,1,L1SP,SP,1,nf,5,63,,,,
29,calles,nm,1,L1SP,SP,1,f,4,63,,,,
29,carnes ,m,1,L1SP,SP,1,nf,3,63,,,,
29,clases,nm,1,L1SP,SP,1,f,7,63,,,,
30,lapices,nm,1,L1SP,SP,1,f,3,66,,,,
30,jardines,nm,1,L1SP,SP,1,nf,1,66,,,,
30,coches,nm,1,L1SP,SP,1,f,8,66,,,,
30,paises,nm,1,L1SP,SP,1,f,7,66,,,,
30,caries,nm,1,L1SP,SP,1,nf,5,66,,,,
30,peines,nm,1,L1SP,SP,1,nf,1,66,,,,
30,fuentes,nm,1,L1SP,SP,1,nf,2,66,,,,
30,sobres,nm,1,L1SP,SP,1,nf,1,66,,,,
30,leches ,m,1,L1SP,SP,1,f,2,66,,,,
30,nubes,nm,1,L1SP,SP,1,nf,1,66,,,,
30,muertes ,m,1,L1SP,SP,1,f,3,66,,,,
30,arboles,nm,1,L1SP,SP,1,f,4,66,,,,
30,buzones,nm,1,L1SP,SP,1,nf,2,66,,,,
30,calles,nm,1,L1SP,SP,1,f,4,66,,,,
30,carnes ,m,1,L1SP,SP,1,nf,3,66,,,,
30,clases,nm,1,L1SP,SP,1,f,8,66,,,,
31,lapices,nm,1,L1SP,SP,1,f,8,66,,,,
31,jardines,nm,1,L1SP,SP,1,nf,3,66,,,,
31,coches,nm,1,L1SP,SP,1,f,9,66,,,,
31,paises,nm,1,L1SP,SP,1,f,8,66,,,,
31,caries,nm,1,L1SP,SP,1,nf,6,66,,,,
31,peines,nm,1,L1SP,SP,1,nf,3,66,,,,
31,fuentes,nm,1,L1SP,SP,1,nf,4,66,,,,
31,sobres,nm,1,L1SP,SP,1,nf,5,66,,,,
31,leches ,m,1,L1SP,SP,1,f,7,66,,,,
31,nubes,nm,1,L1SP,SP,1,nf,3,66,,,,
31,muertes ,m,1,L1SP,SP,1,f,8,66,,,,
31,arboles,nm,1,L1SP,SP,1,f,9,66,,,,
31,buzones,nm,1,L1SP,SP,1,nf,4,66,,,,
31,calles,nm,1,L1SP,SP,1,f,8,66,,,,
31,carnes ,m,1,L1SP,SP,1,nf,3,66,,,,
31,clases,nm,1,L1SP,SP,1,f,8,66,,,,
32,lapices,nm,1,L1SP,SP,1,f,9,62,,,,
32,jardines,nm,1,L1SP,SP,1,nf,3,62,,,,
32,coches,nm,1,L1SP,SP,1,f,9,62,,,,
32,paises,nm,1,L1SP,SP,1,f,5,62,,,,
32,caries,nm,1,L1SP,SP,1,nf,8,62,,,,
32,peines,nm,1,L1SP,SP,1,nf,7,62,,,,
32,fuentes,nm,1,L1SP,SP,1,nf,8,62,,,,
32,sobres,nm,1,L1SP,SP,1,nf,3,62,,,,
32,leches ,m,1,L1SP,SP,1,f,7,62,,,,
32,nubes,nm,1,L1SP,SP,1,nf,2,62,,,,
32,muertes ,m,1,L1SP,SP,1,f,5,62,,,,
32,arboles,nm,1,L1SP,SP,1,f,9,62,,,,
32,buzones,nm,1,L1SP,SP,1,nf,6,62,,,,
32,calles,nm,1,L1SP,SP,1,f,8,62,,,,
32,carnes ,m,1,L1SP,SP,1,nf,7,62,,,,
32,clases,nm,1,L1SP,SP,1,f,5,62,,,,
