participant,item,answer,group,lang,native,Frequent,LIKERT,MINT
1,lapices,1,L2SP,SP,0,f,5,19
1,jardines,1,L2SP,SP,0,nf,3,19
1,coches,1,L2SP,SP,0,f,3,19
1,paises,1,L2SP,SP,0,f,5,19
1,caries,1,L2SP,SP,0,nf,5,19
1,peines,1,L2SP,SP,0,nf,1,19
1,fuentes,1,L2SP,SP,0,nf,1,19
1,sobres,1,L2SP,SP,0,nf,1,19
1,leches ,1,L2SP,SP,0,f,1,19
1,nubes,1,L2SP,SP,0,f,3,19
1,muertes ,1,L2SP,SP,0,f,3,19
1,arboles,0,L2SP,SP,0,f,5,19
1,buzones,1,L2SP,SP,0,nf,5,19
1,calles,1,L2SP,SP,0,f,1,19
1,carnes ,1,L2SP,SP,0,nf,1,19
1,clases,1,L2SP,SP,0,f,1,19
2,lapices,1,L2SP,SP,0,f,7,18
2,jardines,1,L2SP,SP,0,nf,1,18
2,coches,1,L2SP,SP,0,f,4,18
2,paises,1,L2SP,SP,0,f,5,18
2,caries,1,L2SP,SP,0,nf,3,18
2,peines,1,L2SP,SP,0,nf,2,18
2,fuentes,1,L2SP,SP,0,nf,3,18
2,sobres,1,L2SP,SP,0,nf,1,18
2,leches ,1,L2SP,SP,0,f,5,18
2,nubes,0,L2SP,SP,0,nf,1,18
2,muertes ,1,L2SP,SP,0,f,5,18
2,arboles,1,L2SP,SP,0,f,4,18
2,buzones,0,L2SP,SP,0,nf,3,18
2,calles,1,L2SP,SP,0,f,7,18
2,carnes ,1,L2SP,SP,0,nf,2,18
2,clases,1,L2SP,SP,0,f,5,18
3,lapices,1,L2SP,SP,0,f,3,12
3,jardines,0,L2SP,SP,0,nf,1,12
3,coches,1,L2SP,SP,0,f,4,12
3,paises,1,L2SP,SP,0,f,2,12
3,caries,0,L2SP,SP,0,nf,1,12
3,peines,0,L2SP,SP,0,nf,1,12
3,fuentes,1,L2SP,SP,0,nf,1,12
3,sobres,1,L2SP,SP,0,nf,1,12
3,leches ,1,L2SP,SP,0,f,4,12
3,nubes,0,L2SP,SP,0,nf,2,12
3,muertes ,1,L2SP,SP,0,f,4,12
3,arboles,1,L2SP,SP,0,f,4,12
3,buzones,1,L2SP,SP,0,nf,2,12
3,calles,0,L2SP,SP,0,f,4,12
3,carnes ,0,L2SP,SP,0,nf,1,12
3,clases,1,L2SP,SP,0,f,2,12
4,lapices,1,L2SP,SP,0,f,5,27
4,jardines,1,L2SP,SP,0,nf,2,27
4,coches,1,L2SP,SP,0,f,6,27
4,paises,1,L2SP,SP,0,f,5,27
4,caries,1,L2SP,SP,0,nf,2,27
4,peines,1,L2SP,SP,0,nf,2,27
4,fuentes,0,L2SP,SP,0,nf,3,27
4,sobres,1,L2SP,SP,0,nf,2,27
4,leches ,1,L2SP,SP,0,f,5,27
4,nubes,1,L2SP,SP,0,nf,3,27
4,muertes ,1,L2SP,SP,0,f,6,27
4,arboles,1,L2SP,SP,0,f,6,27
4,buzones,1,L2SP,SP,0,nf,3,27
4,calles,1,L2SP,SP,0,f,5,27
4,carnes ,1,L2SP,SP,0,nf,3,27
4,clases,1,L2SP,SP,0,f,5,27
5,lapices,1,L2SP,SP,0,f,7,23
5,jardines,1,L2SP,SP,0,nf,3,23
5,coches,1,L2SP,SP,0,f,7,23
5,paises,1,L2SP,SP,0,f,7,23
5,caries,1,L2SP,SP,0,nf,2,23
5,peines,1,L2SP,SP,0,nf,2,23
5,fuentes,1,L2SP,SP,0,nf,1,23
5,sobres,1,L2SP,SP,0,nf,2,23
5,leches ,1,L2SP,SP,0,f,6,23
5,nubes,0,L2SP,SP,0,nf,4,23
5,muertes ,1,L2SP,SP,0,f,7,23
5,arboles,1,L2SP,SP,0,f,7,23
5,buzones,1,L2SP,SP,0,nf,4,23
5,calles,1,L2SP,SP,0,f,6,23
5,carnes ,1,L2SP,SP,0,nf,2,23
5,clases,1,L2SP,SP,0,f,7,23
6,lapices,1,L2SP,SP,0,f,4,58
6,jardines,1,L2SP,SP,0,nf,1,58
6,coches,1,L2SP,SP,0,f,2,58
6,paises,1,L2SP,SP,0,f,3,58
6,caries,1,L2SP,SP,0,nf,1,58
6,peines,1,L2SP,SP,0,nf,1,58
6,fuentes,1,L2SP,SP,0,nf,1,58
6,sobres,1,L2SP,SP,0,nf,1,58
6,leches ,1,L2SP,SP,0,f,3,58
6,nubes,1,L2SP,SP,0,nf,1,58
6,muertes ,1,L2SP,SP,0,f,4,58
6,arboles,1,L2SP,SP,0,f,2,58
6,buzones,1,L2SP,SP,0,nf,2,58
6,calles,1,L2SP,SP,0,f,4,58
6,carnes ,1,L2SP,SP,0,nf,1,58
6,clases,1,L2SP,SP,0,f,3,58
7,lapices,1,L2SP,SP,0,f,6,33
7,jardines,0,L2SP,SP,0,nf,2,33
7,coches,1,L2SP,SP,0,f,7,33
7,paises,1,L2SP,SP,0,f,4,33
7,caries,1,L2SP,SP,0,nf,3,33
7,peines,0,L2SP,SP,0,nf,2,33
7,fuentes,0,L2SP,SP,0,nf,1,33
7,sobres,1,L2SP,SP,0,nf,3,33
7,leches ,1,L2SP,SP,0,f,4,33
7,nubes,1,L2SP,SP,0,nf,4,33
7,muertes ,1,L2SP,SP,0,f,4,33
7,arboles,1,L2SP,SP,0,f,7,33
7,buzones,1,L2SP,SP,0,nf,5,33
7,calles,1,L2SP,SP,0,f,5,33
7,carnes ,1,L2SP,SP,0,nf,1,33
7,clases,1,L2SP,SP,0,f,4,33
8,lapices,1,L2SP,SP,0,f,6,35
8,jardines,1,L2SP,SP,0,nf,3,35
8,coches,1,L2SP,SP,0,f,2,35
8,paises,1,L2SP,SP,0,f,3,35
8,caries,1,L2SP,SP,0,nf,2,35
8,peines,1,L2SP,SP,0,nf,2,35
8,fuentes,1,L2SP,SP,0,nf,2,35
8,sobres,1,L2SP,SP,0,nf,2,35
8,leches ,1,L2SP,SP,0,f,2,35
8,nubes,1,L2SP,SP,0,nf,3,35
8,muertes ,1,L2SP,SP,0,f,4,35
8,arboles,1,L2SP,SP,0,f,2,35
8,buzones,1,L2SP,SP,0,nf,3,35
8,calles,1,L2SP,SP,0,f,4,35
8,carnes ,1,L2SP,SP,0,nf,2,35
8,clases,1,L2SP,SP,0,f,2,35
9,lapices,1,L2SP,SP,0,f,7,57
9,jardines,1,L2SP,SP,0,nf,2,57
9,coches,1,L2SP,SP,0,f,9,57
9,paises,1,L2SP,SP,0,f,5,57
9,caries,1,L2SP,SP,0,nf,4,57
9,peines,1,L2SP,SP,0,nf,3,57
9,fuentes,1,L2SP,SP,0,nf,1,57
9,sobres,1,L2SP,SP,0,nf,1,57
9,leches ,1,L2SP,SP,0,f,7,57
9,nubes,1,L2SP,SP,0,nf,1,57
9,muertes ,1,L2SP,SP,0,f,5,57
9,arboles,1,L2SP,SP,0,f,9,57
9,buzones,1,L2SP,SP,0,nf,3,57
9,calles,1,L2SP,SP,0,f,4,57
9,carnes ,1,L2SP,SP,0,nf,7,57
9,clases,1,L2SP,SP,0,f,4,57
10,lapices,1,L2SP,SP,0,f,4,23
10,jardines,1,L2SP,SP,0,nf,2,23
10,coches,1,L2SP,SP,0,f,7,23
10,paises,1,L2SP,SP,0,f,3,23
10,caries,1,L2SP,SP,0,nf,2,23
10,peines,0,L2SP,SP,0,nf,2,23
10,fuentes,1,L2SP,SP,0,nf,2,23
10,sobres,1,L2SP,SP,0,nf,2,23
10,leches ,1,L2SP,SP,0,f,2,23
10,nubes,1,L2SP,SP,0,nf,2,23
10,muertes ,0,L2SP,SP,0,f,3,23
10,arboles,1,L2SP,SP,0,f,3,23
10,buzones,1,L2SP,SP,0,nf,2,23
10,calles,1,L2SP,SP,0,f,3,23
10,carnes ,1,L2SP,SP,0,nf,2,23
10,clases,1,L2SP,SP,0,f,3,23
11,lapices,1,L2SP,SP,0,f,6,27
11,jardines,0,L2SP,SP,0,nf,4,27
11,coches,1,L2SP,SP,0,f,7,27
11,paises,1,L2SP,SP,0,f,5,27
11,caries,1,L2SP,SP,0,nf,3,27
11,peines,0,L2SP,SP,0,nf,3,27
11,fuentes,0,L2SP,SP,0,nf,3,27
11,sobres,1,L2SP,SP,0,nf,4,27
11,leches ,1,L2SP,SP,0,f,4,27
11,nubes,1,L2SP,SP,0,nf,3,27
11,muertes ,1,L2SP,SP,0,f,5,27
11,arboles,1,L2SP,SP,0,f,7,27
11,buzones,0,L2SP,SP,0,nf,3,27
11,calles,1,L2SP,SP,0,f,6,27
11,carnes ,1,L2SP,SP,0,nf,3,27
11,clases,1,L2SP,SP,0,f,6,27
12,lapices,0,L2SP,SP,0,f,4,14
12,jardines,1,L2SP,SP,0,nf,1,14
12,coches,0,L2SP,SP,0,f,3,14
12,paises,0,L2SP,SP,0,f,4,14
12,caries,0,L2SP,SP,0,nf,3,14
12,peines,1,L2SP,SP,0,nf,1,14
12,fuentes,0,L2SP,SP,0,nf,1,14
12,sobres,0,L2SP,SP,0,nf,2,14
12,leches ,0,L2SP,SP,0,f,2,14
12,nubes,1,L2SP,SP,0,nf,1,14
12,muertes ,1,L2SP,SP,0,f,2,14
12,arboles,1,L2SP,SP,0,f,1,14
12,buzones,0,L2SP,SP,0,nf,1,14
12,calles,1,L2SP,SP,0,f,4,14
12,carnes ,0,L2SP,SP,0,nf,1,14
12,clases,1,L2SP,SP,0,f,4,14
13,lapices,1,L2SP,SP,0,f,6,26
13,jardines,1,L2SP,SP,0,nf,1,26
13,coches,1,L2SP,SP,0,f,7,26
13,paises,1,L2SP,SP,0,f,7,26
13,caries,1,L2SP,SP,0,nf,2,26
13,peines,0,L2SP,SP,0,nf,1,26
13,fuentes,1,L2SP,SP,0,nf,1,26
13,sobres,1,L2SP,SP,0,nf,4,26
13,leches ,1,L2SP,SP,0,f,7,26
13,nubes,1,L2SP,SP,0,nf,3,26
13,muertes ,1,L2SP,SP,0,f,7,26
13,arboles,1,L2SP,SP,0,f,7,26
13,buzones,1,L2SP,SP,0,nf,2,26
13,calles,1,L2SP,SP,0,f,7,26
13,carnes ,1,L2SP,SP,0,nf,1,26
13,clases,1,L2SP,SP,0,f,8,26
14,lapices,1,L2SP,SP,0,f,5,28
14,jardines,1,L2SP,SP,0,nf,1,28
14,coches,1,L2SP,SP,0,f,5,28
14,paises,1,L2SP,SP,0,f,3,28
14,caries,1,L2SP,SP,0,nf,2,28
14,peines,1,L2SP,SP,0,nf,1,28
14,fuentes,1,L2SP,SP,0,nf,2,28
14,sobres,1,L2SP,SP,0,nf,2,28
14,leches ,1,L2SP,SP,0,f,2,28
14,nubes,1,L2SP,SP,0,nf,2,28
14,muertes ,1,L2SP,SP,0,f,3,28
14,arboles,1,L2SP,SP,0,f,5,28
14,buzones,1,L2SP,SP,0,nf,2,28
14,calles,1,L2SP,SP,0,f,5,28
14,carnes ,1,L2SP,SP,0,nf,2,28
14,clases,1,L2SP,SP,0,f,3,28
15,lapices,1,L2SP,SP,0,f,7,19
15,jardines,1,L2SP,SP,0,nf,5,19
15,coches,0,L2SP,SP,0,f,7,19
15,paises,1,L2SP,SP,0,f,7,19
15,caries,1,L2SP,SP,0,nf,5,19
15,peines,1,L2SP,SP,0,nf,5,19
15,fuentes,0,L2SP,SP,0,nf,5,19
15,sobres,1,L2SP,SP,0,nf,4,19
15,leches ,1,L2SP,SP,0,f,5,19
15,nubes,1,L2SP,SP,0,nf,6,19
15,muertes ,1,L2SP,SP,0,f,6,19
15,arboles,1,L2SP,SP,0,f,8,19
15,buzones,0,L2SP,SP,0,nf,6,19
15,calles,1,L2SP,SP,0,f,7,19
15,carnes ,1,L2SP,SP,0,nf,5,19
15,clases,1,L2SP,SP,0,f,7,19
16,lapices,1,L2SP,SP,0,f,7,31
16,jardines,0,L2SP,SP,0,nf,1,31
16,coches,1,L2SP,SP,0,f,4,31
16,paises,1,L2SP,SP,0,f,8,31
16,caries,1,L2SP,SP,0,nf,2,31
16,peines,0,L2SP,SP,0,nf,1,31
16,fuentes,1,L2SP,SP,0,nf,1,31
16,sobres,1,L2SP,SP,0,nf,3,31
16,leches ,1,L2SP,SP,0,f,3,31
16,nubes,0,L2SP,SP,0,nf,6,31
16,muertes ,1,L2SP,SP,0,f,6,31
16,arboles,1,L2SP,SP,0,f,3,31
16,buzones,0,L2SP,SP,0,nf,7,31
16,calles,0,L2SP,SP,0,f,7,31
16,carnes ,1,L2SP,SP,0,nf,1,31
16,clases,1,L2SP,SP,0,f,9,31
17,lapices,1,L2SP,SP,0,f,4,12
17,jardines,1,L2SP,SP,0,nf,1,12
17,coches,1,L2SP,SP,0,f,1,12
17,paises,1,L2SP,SP,0,f,3,12
17,caries,0,L2SP,SP,0,nf,2,12
17,peines,0,L2SP,SP,0,nf,1,12
17,fuentes,1,L2SP,SP,0,nf,1,12
17,sobres,0,L2SP,SP,0,nf,2,12
17,leches ,1,L2SP,SP,0,f,1,12
17,nubes,1,L2SP,SP,0,nf,2,12
17,muertes ,1,L2SP,SP,0,f,2,12
17,arboles,1,L2SP,SP,0,f,1,12
17,buzones,0,L2SP,SP,0,nf,1,12
17,calles,0,L2SP,SP,0,f,4,12
17,carnes ,1,L2SP,SP,0,nf,1,12
17,clases,1,L2SP,SP,0,f,4,12
18,lapices,1,L2SP,SP,0,f,6,34
18,jardines,1,L2SP,SP,0,nf,1,34
18,coches,1,L2SP,SP,0,f,8,34
18,paises,1,L2SP,SP,0,f,6,34
18,caries,1,L2SP,SP,0,nf,1,34
18,peines,1,L2SP,SP,0,nf,1,34
18,fuentes,1,L2SP,SP,0,nf,1,34
18,sobres,1,L2SP,SP,0,nf,1,34
18,leches ,1,L2SP,SP,0,f,3,34
18,nubes,1,L2SP,SP,0,nf,1,34
18,muertes ,1,L2SP,SP,0,f,8,34
18,arboles,1,L2SP,SP,0,f,7,34
18,buzones,1,L2SP,SP,0,nf,1,34
18,calles,1,L2SP,SP,0,f,5,34
18,carnes ,1,L2SP,SP,0,nf,1,34
18,clases,1,L2SP,SP,0,f,5,34
19,lapices,1,L2SP,SP,0,f,7,40
19,jardines,1,L2SP,SP,0,nf,1,40
19,coches,1,L2SP,SP,0,f,5,40
19,paises,1,L2SP,SP,0,f,6,40
19,caries,1,L2SP,SP,0,nf,4,40
19,peines,1,L2SP,SP,0,nf,1,40
19,fuentes,1,L2SP,SP,0,nf,4,40
19,sobres,1,L2SP,SP,0,nf,4,40
19,leches ,1,L2SP,SP,0,f,3,40
19,nubes,1,L2SP,SP,0,nf,2,40
19,muertes ,1,L2SP,SP,0,f,5,40
19,arboles,1,L2SP,SP,0,f,4,40
19,buzones,1,L2SP,SP,0,nf,4,40
19,calles,1,L2SP,SP,0,f,6,40
19,carnes ,1,L2SP,SP,0,nf,4,40
19,clases,1,L2SP,SP,0,f,4,40
20,lapices,1,L2SP,SP,0,f,5,37
20,jardines,1,L2SP,SP,0,nf,2,37
20,coches,1,L2SP,SP,0,f,7,37
20,paises,1,L2SP,SP,0,f,5,37
20,caries,1,L2SP,SP,0,nf,5,37
20,peines,1,L2SP,SP,0,nf,2,37
20,fuentes,1,L2SP,SP,0,nf,2,37
20,sobres,1,L2SP,SP,0,nf,4,37
20,leches ,1,L2SP,SP,0,f,5,37
20,nubes,1,L2SP,SP,0,nf,2,37
20,muertes ,1,L2SP,SP,0,f,6,37
20,arboles,1,L2SP,SP,0,f,5,37
20,buzones,1,L2SP,SP,0,nf,4,37
20,calles,1,L2SP,SP,0,f,5,37
20,carnes ,1,L2SP,SP,0,nf,2,37
20,clases,1,L2SP,SP,0,f,5,37
21,lapices,1,L2SP,SP,0,f,5,17
21,jardines,0,L2SP,SP,0,nf,1,17
21,coches,1,L2SP,SP,0,f,5,17
21,paises,1,L2SP,SP,0,f,9,17
21,caries,1,L2SP,SP,0,nf,2,17
21,peines,0,L2SP,SP,0,nf,1,17
21,fuentes,0,L2SP,SP,0,nf,1,17
21,sobres,0,L2SP,SP,0,nf,2,17
21,leches ,1,L2SP,SP,0,f,5,17
21,nubes,0,L2SP,SP,0,nf,1,17
21,muertes ,1,L2SP,SP,0,f,5,17
21,arboles,1,L2SP,SP,0,f,6,17
21,buzones,0,L2SP,SP,0,nf,1,17
21,calles,1,L2SP,SP,0,f,5,17
21,carnes ,0,L2SP,SP,0,nf,1,17
21,clases,0,L2SP,SP,0,f,8,17
22,lapices,1,L2SP,SP,0,f,5,13
22,jardines,1,L2SP,SP,0,nf,1,13
22,coches,1,L2SP,SP,0,f,4,13
22,paises,1,L2SP,SP,0,f,9,13
22,caries,1,L2SP,SP,0,nf,2,13
22,peines,1,L2SP,SP,0,nf,1,13
22,fuentes,0,L2SP,SP,0,nf,1,13
22,sobres,1,L2SP,SP,0,nf,2,13
22,leches ,0,L2SP,SP,0,f,5,13
22,nubes,0,L2SP,SP,0,nf,1,13
22,muertes ,1,L2SP,SP,0,f,5,13
22,arboles,1,L2SP,SP,0,f,6,13
22,buzones,0,L2SP,SP,0,nf,1,13
22,calles,1,L2SP,SP,0,f,5,13
22,carnes ,0,L2SP,SP,0,nf,1,13
22,clases,1,L2SP,SP,0,f,8,13
23,lapices,1,L2SP,SP,0,f,6,16
23,jardines,1,L2SP,SP,0,nf,1,16
23,coches,1,L2SP,SP,0,f,8,16
23,paises,1,L2SP,SP,0,f,6,16
23,caries,1,L2SP,SP,0,nf,1,16
23,peines,1,L2SP,SP,0,nf,1,16
23,fuentes,1,L2SP,SP,0,nf,1,16
23,sobres,1,L2SP,SP,0,nf,1,16
23,leches ,1,L2SP,SP,0,f,3,16
23,nubes,1,L2SP,SP,0,nf,1,16
23,muertes ,1,L2SP,SP,0,f,8,16
23,arboles,1,L2SP,SP,0,f,7,16
23,buzones,1,L2SP,SP,0,nf,1,16
23,calles,1,L2SP,SP,0,f,5,16
23,carnes ,1,L2SP,SP,0,nf,1,16
23,clases,1,L2SP,SP,0,f,5,16
24,lapices,1,L2SP,SP,0,f,4,20
24,jardines,1,L2SP,SP,0,nf,1,20
24,coches,0,L2SP,SP,0,f,5,20
24,paises,0,L2SP,SP,0,f,5,20
24,caries,1,L2SP,SP,0,nf,2,20
24,peines,1,L2SP,SP,0,nf,1,20
24,fuentes,`,L2SP,SP,0,nf,2,20
24,sobres,0,L2SP,SP,0,nf,2,20
24,leches ,0,L2SP,SP,0,f,4,20
24,nubes,0,L2SP,SP,0,nf,1,20
24,muertes ,1,L2SP,SP,0,f,5,20
24,arboles,1,L2SP,SP,0,f,6,20
24,buzones,0,L2SP,SP,0,nf,1,20
24,calles,0,L2SP,SP,0,f,5,20
24,carnes ,0,L2SP,SP,0,nf,1,20
24,clases,0,L2SP,SP,0,f,6,20
25,lapices,0,L2SP,SP,0,f,5,13
25,jardines,0,L2SP,SP,0,nf,2,13
25,coches,0,L2SP,SP,0,f,3,13
25,paises,0,L2SP,SP,0,f,3,13
25,caries,0,L2SP,SP,0,nf,1,13
25,peines,1,L2SP,SP,0,nf,2,13
25,fuentes,1,L2SP,SP,0,nf,2,13
25,sobres,0,L2SP,SP,0,nf,4,13
25,leches ,0,L2SP,SP,0,f,5,13
25,nubes,1,L2SP,SP,0,nf,2,13
25,muertes ,1,L2SP,SP,0,f,5,13
25,arboles,0,L2SP,SP,0,f,6,13
25,buzones,1,L2SP,SP,0,nf,2,13
25,calles,0,L2SP,SP,0,f,6,13
25,carnes ,0,L2SP,SP,0,nf,3,13
25,clases,0,L2SP,SP,0,f,7,13
26,lapices,1,L2SP,SP,0,f,6,16
26,jardines,0,L2SP,SP,0,nf,3,16
26,coches,0,L2SP,SP,0,f,6,16
26,paises,0,L2SP,SP,0,f,6,16
26,caries,1,L2SP,SP,0,nf,2,16
26,peines,1,L2SP,SP,0,nf,1,16
26,fuentes,1,L2SP,SP,0,nf,2,16
26,sobres,1,L2SP,SP,0,nf,2,16
26,leches ,1,L2SP,SP,0,f,4,16
26,nubes,0,L2SP,SP,0,nf,3,16
26,muertes ,0,L2SP,SP,0,f,5,16
26,arboles,0,L2SP,SP,0,f,5,16
26,buzones,0,L2SP,SP,0,nf,2,16
26,calles,1,L2SP,SP,0,f,6,16
26,carnes ,0,L2SP,SP,0,nf,2,16
26,clases,0,L2SP,SP,0,f,5,16
27,lapices,1,L2SP,SP,0,f,7,35
27,jardines,1,L2SP,SP,0,nf,5,35
27,coches,1,L2SP,SP,0,f,8,35
27,paises,1,L2SP,SP,0,f,8,35
27,caries,1,L2SP,SP,0,nf,6,35
27,peines,1,L2SP,SP,0,nf,3,35
27,fuentes,1,L2SP,SP,0,nf,3,35
27,sobres,1,L2SP,SP,0,nf,3,35
27,leches ,1,L2SP,SP,0,f,6,35
27,nubes,1,L2SP,SP,0,nf,2,35
27,muertes ,1,L2SP,SP,0,f,7,35
27,arboles,1,L2SP,SP,0,f,7,35
27,buzones,1,L2SP,SP,0,nf,2,35
27,calles,1,L2SP,SP,0,f,7,35
27,carnes ,1,L2SP,SP,0,nf,3,35
27,clases,1,L2SP,SP,0,f,7,35
28,lapices,0,L2SP,SP,0,f,8,26
28,jardines,0,L2SP,SP,0,nf,2,26
28,coches,1,L2SP,SP,0,f,7,26
28,paises,0,L2SP,SP,0,f,7,26
28,caries,1,L2SP,SP,0,nf,2,26
28,peines,0,L2SP,SP,0,nf,2,26
28,fuentes,1,L2SP,SP,0,nf,3,26
28,sobres,0,L2SP,SP,0,nf,3,26
28,leches ,0,L2SP,SP,0,f,6,26
28,nubes,0,L2SP,SP,0,nf,2,26
28,muertes ,0,L2SP,SP,0,f,6,26
28,arboles,0,L2SP,SP,0,f,7,26
28,buzones,0,L2SP,SP,0,nf,2,26
28,calles,1,L2SP,SP,0,f,7,26
28,carnes ,1,L2SP,SP,0,nf,2,26
28,clases,1,L2SP,SP,0,f,6,26
29,lapices,1,L2SP,SP,0,f,9,20
29,jardines,0,L2SP,SP,0,nf,1,20
29,coches,0,L2SP,SP,0,f,5,20
29,paises,0,L2SP,SP,0,f,5,20
29,caries,0,L2SP,SP,0,nf,1,20
29,peines,1,L2SP,SP,0,nf,1,20
29,fuentes,0,L2SP,SP,0,nf,1,20
29,sobres,0,L2SP,SP,0,nf,1,20
29,leches ,1,L2SP,SP,0,f,4,20
29,nubes,1,L2SP,SP,0,nf,1,20
29,muertes ,1,L2SP,SP,0,f,5,20
29,arboles,1,L2SP,SP,0,f,5,20
29,buzones,1,L2SP,SP,0,nf,1,20
29,calles,1,L2SP,SP,0,f,6,20
29,carnes ,1,L2SP,SP,0,nf,2,20
29,clases,0,L2SP,SP,0,f,6,20
30,lapices,1,L2SP,SP,0,f,6,15
30,jardines,0,L2SP,SP,0,nf,2,15
30,coches,1,L2SP,SP,0,f,6,15
30,paises,1,L2SP,SP,0,f,6,15
30,caries,1,L2SP,SP,0,nf,7,15
30,peines,0,L2SP,SP,0,nf,2,15
30,fuentes,1,L2SP,SP,0,nf,2,15
30,sobres,0,L2SP,SP,0,nf,2,15
30,leches ,0,L2SP,SP,0,f,6,15
30,nubes,0,L2SP,SP,0,nf,2,15
30,muertes ,0,L2SP,SP,0,f,6,15
30,arboles,1,L2SP,SP,0,f,5,15
30,buzones,1,L2SP,SP,0,nf,2,15
30,calles,1,L2SP,SP,0,f,7,15
30,carnes ,0,L2SP,SP,0,nf,2,15
30,clases,0,L2SP,SP,0,f,7,15
1,haoalim,1,L2HB,HB,0,f,7,38
1,heshojliot,1,L2HB,HB,0,nf,2,38
1,ubalim,0,L2HB,HB,0,nf,2,38
1,daltot,0,L2HB,HB,0,nf,2,38
1,psukim,1,L2HB,HB,0,f,7,38
1,dbarim,0,L2HB,HB,0,nf,2,38
1,mehot,1,L2HB,HB,0,f,7,38
1,todot,0,L2HB,HB,0,nf,3,38
1,januyot,0,L2HB,HB,0,nf,2,38
1,matanot,1,L2HB,HB,0,f,7,38
1,yamim,1,L2HB,HB,0,f,2,38
1,mitot,1,L2HB,HB,0,f,7,38
1,shtijim,1,L2HB,HB,0,f,7,38
1,tojniot,1,L2HB,HB,1,nf,2,38
1,sfarim,1,L2HB,HB,1,nf,5,38
1,seratim,1,L2HB,HB,0,f,2,38
2,haoalim,1,L2HB,HB,0,f,3,14
2,heshojliot,0,L2HB,HB,1,nf,1,14
2,ubalim,1,L2HB,HB,1,nf,1,14
2,daltot,1,L2HB,HB,0,nf,2,14
2,psukim,1,L2HB,HB,0,f,3,14
2,dbarim,1,L2HB,HB,0,nf,1,14
2,mehot,1,L2HB,HB,0,f,3,14
2,todot,0,L2HB,HB,0,nf,1,14
2,januyot,1,L2HB,HB,0,nf,2,14
2,matanot,1,L2HB,HB,0,f,3,14
2,yamim,1,L2HB,HB,0,f,1,14
2,mitot,1,L2HB,HB,0,f,5,14
2,shtijim,1,L2HB,HB,0,f,3,14
2,tojniot,1,L2HB,HB,0,nf,1,14
2,sfarim,1,L2HB,HB,0,nf,2,14
2,seratim,0,L2HB,HB,0,f,3,14
3,haoalim,0,L2HB,HB,0,f,2,12
3,heshojliot,1,L2HB,HB,0,nf,3,12
3,ubalim,0,L2HB,HB,0,nf,4,12
3,daltot,0,L2HB,HB,1,nf,2,12
3,psukim,1,L2HB,HB,0,f,4,12
3,dbarim,0,L2HB,HB,1,nf,3,12
3,mehot,1,L2HB,HB,0,f,6,12
3,todot,1,L2HB,HB,0,nf,2,12
3,januyot,0,L2HB,HB,0,nf,5,12
3,matanot,1,L2HB,HB,0,f,3,12
3,yamim,0,L2HB,HB,0,f,3,12
3,mitot,1,L2HB,HB,0,f,7,12
3,shtijim,1,L2HB,HB,0,f,4,12
3,tojniot,1,L2HB,HB,0,nf,3,12
3,sfarim,1,L2HB,HB,0,nf,2,12
3,seratim,1,L2HB,HB,0,f,5,12
4,haoalim,1,L2HB,HB,0,f,6,10
4,heshojliot,1,L2HB,HB,0,nf,4,10
4,ubalim,0,L2HB,HB,1,nf,3,10
4,daltot,0,L2HB,HB,1,nf,3,10
4,psukim,1,L2HB,HB,0,f,5,10
4,dbarim,1,L2HB,HB,0,nf,4,10
4,mehot,1,L2HB,HB,0,f,7,10
4,todot,1,L2HB,HB,0,nf,4,10
4,januyot,0,L2HB,HB,0,nf,4,10
4,matanot,1,L2HB,HB,0,f,4,10
4,yamim,1,L2HB,HB,0,f,3,10
4,mitot,1,L2HB,HB,0,f,6,10
4,shtijim,0,L2HB,HB,0,f,5,10
4,tojniot,1,L2HB,HB,0,nf,3,10
4,sfarim,0,L2HB,HB,0,nf,4,10
4,seratim,1,L2HB,HB,0,f,4,10
5,haoalim,1,L2HB,HB,0,f,5,24
5,heshojliot,0,L2HB,HB,1,nf,2,24
5,ubalim,1,L2HB,HB,1,nf,4,24
5,daltot,0,L2HB,HB,0,nf,1,24
5,psukim,1,L2HB,HB,0,f,4,24
5,dbarim,0,L2HB,HB,0,nf,3,24
5,mehot,1,L2HB,HB,0,f,6,24
5,todot,1,L2HB,HB,0,nf,3,24
5,januyot,1,L2HB,HB,0,nf,7,24
5,matanot,1,L2HB,HB,0,f,5,24
5,yamim,1,L2HB,HB,0,f,5,24
5,mitot,1,L2HB,HB,0,f,6,24
5,shtijim,0,L2HB,HB,0,f,5,24
5,tojniot,0,L2HB,HB,0,nf,3,24
5,sfarim,0,L2HB,HB,0,nf,5,24
5,seratim,1,L2HB,HB,0,f,4,24
6,haoalim,1,L2HB,HB,0,f,3,14
6,heshojliot,1,L2HB,HB,0,nf,2,14
6,ubalim,0,L2HB,HB,1,nf,2,14
6,daltot,0,L2HB,HB,1,nf,1,14
6,psukim,1,L2HB,HB,0,f,3,14
6,dbarim,1,L2HB,HB,0,nf,1,14
6,mehot,0,L2HB,HB,0,f,4,14
6,todot,0,L2HB,HB,0,nf,3,14
6,januyot,1,L2HB,HB,0,nf,1,14
6,matanot,1,L2HB,HB,0,f,3,14
6,yamim,0,L2HB,HB,0,f,3,14
6,mitot,1,L2HB,HB,0,f,5,14
6,shtijim,0,L2HB,HB,0,f,3,14
6,tojniot,1,L2HB,HB,0,nf,2,14
6,sfarim,0,L2HB,HB,0,nf,2,14
6,seratim,1,L2HB,HB,0,f,3,14
7,haoalim,1,L2HB,HB,0,f,8,20
7,heshojliot,1,L2HB,HB,0,nf,5,20
7,ubalim,1,L2HB,HB,1,nf,7,20
7,daltot,1,L2HB,HB,0,nf,2,20
7,psukim,0,L2HB,HB,0,f,9,20
7,dbarim,1,L2HB,HB,0,nf,2,20
7,mehot,1,L2HB,HB,0,f,9,20
7,todot,0,L2HB,HB,0,nf,2,20
7,januyot,0,L2HB,HB,0,nf,7,20
7,matanot,0,L2HB,HB,0,f,9,20
7,yamim,0,L2HB,HB,0,f,5,20
7,mitot,1,L2HB,HB,0,f,9,20
7,shtijim,1,L2HB,HB,0,f,8,20
7,tojniot,0,L2HB,HB,0,nf,4,20
7,sfarim,0,L2HB,HB,0,nf,4,20
7,seratim,1,L2HB,HB,0,f,8,20
8,haoalim,1,L2HB,HB,0,f,5,5
8,heshojliot,1,L2HB,HB,0,nf,5,5
8,ubalim,1,L2HB,HB,1,nf,7,5
8,daltot,1,L2HB,HB,1,nf,7,5
8,psukim,1,L2HB,HB,0,f,9,5
8,dbarim,0,L2HB,HB,0,nf,5,5
8,mehot,1,L2HB,HB,0,f,7,5
8,todot,0,L2HB,HB,0,nf,4,5
8,januyot,1,L2HB,HB,0,nf,9,5
8,matanot,1,L2HB,HB,0,f,9,5
8,yamim,1,L2HB,HB,0,f,6,5
8,mitot,1,L2HB,HB,0,f,7,5
8,shtijim,1,L2HB,HB,0,f,6,5
8,tojniot,0,L2HB,HB,0,nf,9,5
8,sfarim,1,L2HB,HB,0,nf,5,5
8,seratim,0,L2HB,HB,0,f,4,5
9,haoalim,1,L2HB,HB,0,f,3,11
9,heshojliot,1,L2HB,HB,0,nf,3,11
9,ubalim,1,L2HB,HB,0,nf,3,11
9,daltot,1,L2HB,HB,1,nf,2,11
9,psukim,1,L2HB,HB,0,f,2,11
9,dbarim,0,L2HB,HB,0,nf,2,11
9,mehot,1,L2HB,HB,0,f,6,11
9,todot,0,L2HB,HB,0,nf,4,11
9,januyot,1,L2HB,HB,0,nf,2,11
9,matanot,0,L2HB,HB,0,f,7,11
9,yamim,0,L2HB,HB,0,f,4,11
9,mitot,1,L2HB,HB,0,f,5,11
9,shtijim,0,L2HB,HB,0,f,7,11
9,tojniot,1,L2HB,HB,0,nf,2,11
9,sfarim,0,L2HB,HB,0,nf,4,11
9,seratim,1,L2HB,HB,0,f,5,11
10,haoalim,1,L2HB,HB,0,f,9,25
10,heshojliot,1,L2HB,HB,0,nf,2,25
10,ubalim,0,L2HB,HB,0,nf,2,25
10,daltot,0,L2HB,HB,0,nf,1,25
10,psukim,1,L2HB,HB,0,f,9,25
10,dbarim,0,L2HB,HB,1,nf,7,25
10,mehot,1,L2HB,HB,0,f,9,25
10,todot,1,L2HB,HB,0,nf,2,25
10,januyot,1,L2HB,HB,0,nf,1,25
10,matanot,1,L2HB,HB,0,f,9,25
10,yamim,1,L2HB,HB,0,f,9,25
10,mitot,1,L2HB,HB,0,f,7,25
10,shtijim,0,L2HB,HB,0,f,9,25
10,tojniot,0,L2HB,HB,0,nf,7,25
10,sfarim,1,L2HB,HB,0,nf,2,25
10,seratim,0,L2HB,HB,0,f,7,25
11,haoalim,1,L2HB,HB,0,f,6,19
11,heshojliot,1,L2HB,HB,0,nf,2,19
11,ubalim,0,L2HB,HB,0,nf,1,19
11,daltot,1,L2HB,HB,0,nf,1,19
11,psukim,1,L2HB,HB,0,f,6,19
11,dbarim,0,L2HB,HB,0,nf,3,19
11,mehot,1,L2HB,HB,0,f,5,19
11,todot,0,L2HB,HB,0,nf,1,19
11,januyot,1,L2HB,HB,1,nf,1,19
11,matanot,1,L2HB,HB,0,f,6,19
11,yamim,1,L2HB,HB,0,f,2,19
11,mitot,1,L2HB,HB,0,f,5,19
11,shtijim,1,L2HB,HB,0,f,6,19
11,tojniot,1,L2HB,HB,0,nf,1,19
11,sfarim,0,L2HB,HB,0,nf,1,19
11,seratim,1,L2HB,HB,0,f,3,19
12,haoalim,1,L2HB,HB,0,f,7,31
12,heshojliot,1,L2HB,HB,0,nf,4,31
12,ubalim,1,L2HB,HB,0,nf,5,31
12,daltot,1,L2HB,HB,0,nf,2,31
12,psukim,1,L2HB,HB,0,f,8,31
12,dbarim,1,L2HB,HB,0,nf,5,31
12,mehot,1,L2HB,HB,0,f,6,31
12,todot,1,L2HB,HB,1,nf,3,31
12,januyot,1,L2HB,HB,1,nf,3,31
12,matanot,1,L2HB,HB,0,f,5,31
12,yamim,1,L2HB,HB,0,f,5,31
12,mitot,1,L2HB,HB,0,f,7,31
12,shtijim,1,L2HB,HB,0,f,7,31
12,tojniot,0,L2HB,HB,0,nf,3,31
12,sfarim,0,L2HB,HB,0,nf,4,31
12,seratim,1,L2HB,HB,0,f,6,31
13,haoalim,1,L2HB,HB,0,f,7,39
13,heshojliot,1,L2HB,HB,0,nf,4,39
13,ubalim,1,L2HB,HB,0,nf,5,39
13,daltot,0,L2HB,HB,0,nf,1,39
13,psukim,1,L2HB,HB,0,f,6,39
13,dbarim,0,L2HB,HB,0,nf,2,39
13,mehot,1,L2HB,HB,0,f,8,39
13,todot,0,L2HB,HB,1,nf,4,39
13,januyot,0,L2HB,HB,0,nf,7,39
13,matanot,1,L2HB,HB,0,f,6,39
13,yamim,0,L2HB,HB,0,f,4,39
13,mitot,1,L2HB,HB,0,f,7,39
13,shtijim,1,L2HB,HB,0,f,6,39
13,tojniot,0,L2HB,HB,0,nf,2,39
13,sfarim,0,L2HB,HB,0,nf,6,39
13,seratim,0,L2HB,HB,0,f,3,39
14,haoalim,0,L2HB,HB,0,f,5,14
14,heshojliot,1,L2HB,HB,1,nf,1,14
14,ubalim,1,L2HB,HB,1,nf,1,14
14,daltot,1,L2HB,HB,0,nf,1,14
14,psukim,1,L2HB,HB,0,f,4,14
14,dbarim,0,L2HB,HB,0,nf,1,14
14,mehot,1,L2HB,HB,0,f,1,14
14,todot,0,L2HB,HB,0,nf,3,14
14,januyot,0,L2HB,HB,0,nf,1,14
14,matanot,1,L2HB,HB,0,f,5,14
14,yamim,0,L2HB,HB,0,f,1,14
14,mitot,0,L2HB,HB,0,f,7,14
14,shtijim,0,L2HB,HB,0,f,5,14
14,tojniot,0,L2HB,HB,0,nf,1,14
14,sfarim,0,L2HB,HB,0,nf,3,14
14,seratim,0,L2HB,HB,0,f,2,14
15,haoalim,1,L2HB,HB,0,f,6,26
15,heshojliot,0,L2HB,HB,0,nf,3,26
15,ubalim,1,L2HB,HB,1,nf,3,26
15,daltot,1,L2HB,HB,0,nf,2,26
15,psukim,1,L2HB,HB,0,f,7,26
15,dbarim,0,L2HB,HB,0,nf,5,26
15,mehot,0,L2HB,HB,0,f,9,26
15,todot,0,L2HB,HB,0,nf,1,26
15,januyot,0,L2HB,HB,0,nf,4,26
15,matanot,0,L2HB,HB,0,f,7,26
15,yamim,1,L2HB,HB,0,f,2,26
15,mitot,1,L2HB,HB,0,f,8,26
15,shtijim,1,L2HB,HB,0,f,7,26
15,tojniot,0,L2HB,HB,0,nf,4,26
15,sfarim,1,L2HB,HB,0,nf,1,26
15,seratim,0,L2HB,HB,0,f,5,26
16,haoalim,0,L2HB,HB,0,f,1,11
16,heshojliot,1,L2HB,HB,0,nf,6,11
16,ubalim,1,L2HB,HB,0,nf,1,11
16,daltot,1,L2HB,HB,0,nf,1,11
16,psukim,1,L2HB,HB,0,f,9,11
16,dbarim,1,L2HB,HB,1,nf,1,11
16,mehot,1,L2HB,HB,0,f,1,11
16,todot,1,L2HB,HB,1,nf,1,11
16,januyot,1,L2HB,HB,0,nf,1,11
16,matanot,1,L2HB,HB,0,f,9,11
16,yamim,0,L2HB,HB,0,f,1,11
16,mitot,1,L2HB,HB,0,f,1,11
16,shtijim,1,L2HB,HB,0,f,9,11
16,tojniot,1,L2HB,HB,0,nf,1,11
16,sfarim,1,L2HB,HB,0,nf,1,11
16,seratim,1,L2HB,HB,0,f,1,11
17,haoalim,0,L2HB,HB,0,f,5,21
17,heshojliot,1,L2HB,HB,0,nf,2,21
17,ubalim,1,L2HB,HB,0,nf,5,21
17,daltot,1,L2HB,HB,0,nf,5,21
17,psukim,1,L2HB,HB,0,f,5,21
17,dbarim,0,L2HB,HB,0,nf,2,21
17,mehot,1,L2HB,HB,0,f,5,21
17,todot,0,L2HB,HB,0,nf,3,21
17,januyot,0,L2HB,HB,0,nf,5,21
17,matanot,1,L2HB,HB,0,f,5,21
17,yamim,0,L2HB,HB,0,f,5,21
17,mitot,1,L2HB,HB,1,f,5,21
17,shtijim,0,L2HB,HB,0,f,5,21
17,tojniot,1,L2HB,HB,1,nf,2,21
17,sfarim,1,L2HB,HB,0,nf,3,21
17,seratim,0,L2HB,HB,0,f,5,21
18,haoalim,1,L2HB,HB,0,f,8,38
18,heshojliot,1,L2HB,HB,0,nf,3,38
18,ubalim,1,L2HB,HB,1,nf,4,38
18,daltot,1,L2HB,HB,1,nf,3,38
18,psukim,0,L2HB,HB,0,f,8,38
18,dbarim,0,L2HB,HB,0,nf,3,38
18,mehot,1,L2HB,HB,0,f,9,38
18,todot,0,L2HB,HB,0,nf,4,38
18,januyot,0,L2HB,HB,0,nf,3,38
18,matanot,0,L2HB,HB,0,f,8,38
18,yamim,0,L2HB,HB,0,f,9,38
18,mitot,1,L2HB,HB,0,f,5,38
18,shtijim,0,L2HB,HB,0,f,8,38
18,tojniot,1,L2HB,HB,0,nf,3,38
18,sfarim,1,L2HB,HB,0,nf,5,38
18,seratim,1,L2HB,HB,0,f,4,38
19,haoalim,0,L2HB,HB,0,f,1,36
19,heshojliot,0,L2HB,HB,1,nf,3,36
19,ubalim,1,L2HB,HB,0,nf,2,36
19,daltot,1,L2HB,HB,0,nf,1,36
19,psukim,0,L2HB,HB,0,f,7,36
19,dbarim,1,L2HB,HB,0,nf,2,36
19,mehot,0,L2HB,HB,0,f,5,36
19,todot,0,L2HB,HB,0,nf,1,36
19,januyot,1,L2HB,HB,0,nf,7,36
19,matanot,1,L2HB,HB,0,f,3,36
19,yamim,0,L2HB,HB,0,f,2,36
19,mitot,1,L2HB,HB,0,f,3,36
19,shtijim,1,L2HB,HB,0,f,4,36
19,tojniot,1,L2HB,HB,0,nf,1,36
19,sfarim,0,L2HB,HB,0,nf,3,36
19,seratim,1,L2HB,HB,0,f,3,36
20,haoalim,1,L2HB,HB,0,f,5,42
20,heshojliot,0,L2HB,HB,0,nf,3,42
20,ubalim,1,L2HB,HB,1,nf,3,42
20,daltot,1,L2HB,HB,1,nf,1,42
20,psukim,1,L2HB,HB,0,f,5,42
20,dbarim,1,L2HB,HB,0,nf,2,42
20,mehot,1,L2HB,HB,0,f,5,42
20,todot,0,L2HB,HB,0,nf,1,42
20,januyot,0,L2HB,HB,0,nf,7,42
20,matanot,1,L2HB,HB,0,f,6,42
20,yamim,1,L2HB,HB,0,f,5,42
20,mitot,1,L2HB,HB,0,f,5,42
20,shtijim,1,L2HB,HB,0,f,5,42
20,tojniot,0,L2HB,HB,0,nf,1,42
20,sfarim,0,L2HB,HB,0,nf,3,42
20,seratim,1,L2HB,HB,0,f,5,42
21,haoalim,1,L2HB,HB,0,f,3,47
21,heshojliot,1,L2HB,HB,1,nf,3,47
21,ubalim,0,L2HB,HB,0,nf,3,47
21,daltot,0,L2HB,HB,0,nf,3,47
21,psukim,1,L2HB,HB,0,f,3,47
21,dbarim,0,L2HB,HB,0,nf,3,47
21,mehot,1,L2HB,HB,0,f,5,47
21,todot,0,L2HB,HB,0,nf,3,47
21,januyot,1,L2HB,HB,0,nf,6,47
21,matanot,1,L2HB,HB,0,f,3,47
21,yamim,1,L2HB,HB,0,f,5,47
21,mitot,1,L2HB,HB,0,f,5,47
21,shtijim,1,L2HB,HB,0,f,3,47
21,tojniot,0,L2HB,HB,0,nf,3,47
21,sfarim,1,L2HB,HB,0,nf,3,47
21,seratim,1,L2HB,HB,0,f,3,47
22,haoalim,0,L2HB,HB,0,f,1,9
22,heshojliot,1,L2HB,HB,1,nf,3,9
22,ubalim,1,L2HB,HB,0,nf,1,9
22,daltot,1,L2HB,HB,0,nf,3,9
22,psukim,0,L2HB,HB,0,f,1,9
22,dbarim,1,L2HB,HB,0,nf,4,9
22,mehot,0,L2HB,HB,0,f,1,9
22,todot,0,L2HB,HB,0,nf,1,9
22,januyot,1,L2HB,HB,0,nf,4,9
22,matanot,0,L2HB,HB,0,f,1,9
22,yamim,1,L2HB,HB,0,f,1,9
22,mitot,1,L2HB,HB,0,f,5,9
22,shtijim,0,L2HB,HB,0,f,1,9
22,tojniot,1,L2HB,HB,0,nf,1,9
22,sfarim,1,L2HB,HB,0,nf,1,9
22,seratim,1,L2HB,HB,0,f,5,9
23,haoalim,1,L2HB,HB,0,f,7,58
23,heshojliot,1,L2HB,HB,0,nf,6,58
23,ubalim,1,L2HB,HB,1,nf,6,58
23,daltot,1,L2HB,HB,1,nf,3,58
23,psukim,1,L2HB,HB,0,f,9,58
23,dbarim,0,L2HB,HB,0,nf,5,58
23,mehot,1,L2HB,HB,0,f,7,58
23,todot,1,L2HB,HB,0,nf,3,58
23,januyot,1,L2HB,HB,0,nf,4,58
23,matanot,1,L2HB,HB,0,f,9,58
23,yamim,1,L2HB,HB,0,f,6,58
23,mitot,1,L2HB,HB,0,f,6,58
23,shtijim,1,L2HB,HB,0,f,7,58
23,tojniot,0,L2HB,HB,0,nf,3,58
23,sfarim,1,L2HB,HB,0,nf,7,58
23,seratim,1,L2HB,HB,0,f,5,58
24,haoalim,1,L2HB,HB,0,f,2,14
24,heshojliot,1,L2HB,HB,0,nf,5,14
24,ubalim,1,L2HB,HB,0,nf,5,14
24,daltot,0,L2HB,HB,0,nf,3,14
24,psukim,1,L2HB,HB,0,f,2,14
24,dbarim,0,L2HB,HB,0,nf,3,14
24,mehot,1,L2HB,HB,0,f,5,14
24,todot,1,L2HB,HB,0,nf,5,14
24,januyot,1,L2HB,HB,0,nf,5,14
24,matanot,0,L2HB,HB,0,f,3,14
24,yamim,0,L2HB,HB,0,f,5,14
24,mitot,1,L2HB,HB,0,f,5,14
24,shtijim,1,L2HB,HB,0,f,5,14
24,tojniot,0,L2HB,HB,0,nf,5,14
24,sfarim,0,L2HB,HB,0,nf,5,14
24,seratim,1,L2HB,HB,0,f,3,14
25,haoalim,1,L2HB,HB,0,f,9,20
25,heshojliot,0,L2HB,HB,1,nf,9,20
25,ubalim,1,L2HB,HB,0,nf,9,20
25,daltot,0,L2HB,HB,0,nf,6,20
25,psukim,1,L2HB,HB,0,f,9,20
25,dbarim,0,L2HB,HB,0,nf,6,20
25,mehot,1,L2HB,HB,0,f,8,20
25,todot,1,L2HB,HB,1,nf,6,20
25,januyot,0,L2HB,HB,1,nf,7,20
25,matanot,1,L2HB,HB,0,f,9,20
25,yamim,1,L2HB,HB,0,f,8,20
25,mitot,1,L2HB,HB,0,f,9,20
25,shtijim,1,L2HB,HB,0,f,9,20
25,tojniot,1,L2HB,HB,0,nf,6,20
25,sfarim,0,L2HB,HB,0,nf,9,20
25,seratim,1,L2HB,HB,0,f,8,20
26,haoalim,0,L2HB,HB,0,f,7,28
26,heshojliot,1,L2HB,HB,0,nf,5,28
26,ubalim,1,L2HB,HB,0,nf,4,28
26,daltot,1,L2HB,HB,0,nf,5,28
26,psukim,1,L2HB,HB,0,f,7,28
26,dbarim,0,L2HB,HB,0,nf,7,28
26,mehot,1,L2HB,HB,0,f,7,28
26,todot,0,L2HB,HB,0,nf,5,28
26,januyot,0,L2HB,HB,0,nf,5,28
26,matanot,0,L2HB,HB,0,f,7,28
26,yamim,0,L2HB,HB,0,f,6,28
26,mitot,1,L2HB,HB,0,f,7,28
26,shtijim,0,L2HB,HB,0,f,7,28
26,tojniot,1,L2HB,HB,0,nf,7,28
26,sfarim,0,L2HB,HB,1,nf,7,28
26,seratim,0,L2HB,HB,0,f,6,28
27,haoalim,1,L2HB,HB,0,f,7,54
27,heshojliot,1,L2HB,HB,0,nf,5,54
27,ubalim,1,L2HB,HB,0,nf,6,54
27,daltot,1,L2HB,HB,0,nf,2,54
27,psukim,1,L2HB,HB,0,f,7,54
27,dbarim,0,L2HB,HB,0,nf,5,54
27,mehot,0,L2HB,HB,0,f,7,54
27,todot,0,L2HB,HB,0,nf,2,54
27,januyot,1,L2HB,HB,0,nf,6,54
27,matanot,1,L2HB,HB,0,f,8,54
27,yamim,1,L2HB,HB,0,f,6,54
27,mitot,1,L2HB,HB,0,f,7,54
27,shtijim,1,L2HB,HB,0,f,8,54
27,tojniot,0,L2HB,HB,1,nf,5,54
27,sfarim,1,L2HB,HB,0,nf,6,54
27,seratim,1,L2HB,HB,0,f,6,54
28,haoalim,1,L2HB,HB,0,f,6,58
28,heshojliot,1,L2HB,HB,0,nf,5,58
28,ubalim,1,L2HB,HB,0,nf,4,58
28,daltot,1,L2HB,HB,0,nf,9,58
28,psukim,0,L2HB,HB,0,f,8,58
28,dbarim,1,L2HB,HB,0,nf,7,58
28,mehot,1,L2HB,HB,0,f,4,58
28,todot,1,L2HB,HB,0,nf,6,58
28,januyot,1,L2HB,HB,0,nf,8,58
28,matanot,0,L2HB,HB,0,f,7,58
28,yamim,1,L2HB,HB,0,f,7,58
28,mitot,1,L2HB,HB,0,f,6,58
28,shtijim,1,L2HB,HB,0,f,6,58
28,tojniot,1,L2HB,HB,1,nf,9,58
28,sfarim,1,L2HB,HB,0,nf,6,58
28,seratim,1,L2HB,HB,0,f,8,58
29,haoalim,1,L2HB,HB,0,f,6,58
29,heshojliot,1,L2HB,HB,0,nf,5,58
29,ubalim,1,L2HB,HB,0,nf,4,58
29,daltot,1,L2HB,HB,0,nf,9,58
29,psukim,1,L2HB,HB,0,f,8,58
29,dbarim,1,L2HB,HB,0,nf,7,58
29,mehot,1,L2HB,HB,0,f,4,58
29,todot,1,L2HB,HB,0,nf,6,58
29,januyot,1,L2HB,HB,1,nf,8,58
29,matanot,1,L2HB,HB,0,f,7,58
29,yamim,1,L2HB,HB,0,f,7,58
29,mitot,1,L2HB,HB,0,f,6,58
29,shtijim,1,L2HB,HB,0,f,6,58
29,tojniot,1,L2HB,HB,0,nf,9,58
29,sfarim,1,L2HB,HB,0,nf,6,58
29,seratim,1,L2HB,HB,0,f,5,58
30,haoalim,1,L2HB,HB,0,f,4,58
30,heshojliot,1,L2HB,HB,0,nf,9,58
30,ubalim,1,L2HB,HB,0,nf,8,58
30,daltot,1,L2HB,HB,1,nf,7,58
30,psukim,0,L2HB,HB,0,f,4,58
30,dbarim,1,L2HB,HB,1,nf,6,58
30,mehot,1,L2HB,HB,0,f,8,58
30,todot,1,L2HB,HB,0,nf,7,58
30,januyot,1,L2HB,HB,0,nf,7,58
30,matanot,1,L2HB,HB,0,f,6,58
30,yamim,1,L2HB,HB,0,f,6,58
30,mitot,1,L2HB,HB,0,f,9,58
30,shtijim,1,L2HB,HB,0,f,6,58
30,tojniot,1,L2HB,HB,0,nf,6,58
30,sfarim,1,L2HB,HB,0,nf,9,58
30,seratim,1,L2HB,HB,0,f,7,58
1,haoalim,1,L1HB,HB,1,nf,6,59
1,heshojliot,1,L1HB,HB,1,nf,5,59
1,ubalim,1,L1HB,HB,1,nf,4,59
1,daltot,1,L1HB,HB,1,f,9,59
1,psukim,1,L1HB,HB,1,nf,8,59
1,dbarim,1,L1HB,HB,1,f,7,59
1,mehot,1,L1HB,HB,1,nf,4,59
1,todot,1,L1HB,HB,1,nf,6,59
1,januyot,1,L1HB,HB,1,f,8,59
1,matanot,1,L1HB,HB,1,f,7,59
1,yamim,1,L1HB,HB,1,f,7,59
1,mitot,1,L1HB,HB,1,f,6,59
1,shtijim,1,L1HB,HB,1,nf,6,59
1,tojniot,1,L1HB,HB,1,nf,9,59
1,sfarim,1,L1HB,HB,1,,7,59
1,seratim,1,L1HB,HB,1,,7,59
2,haoalim,1,L1HB,HB,1,f,6,59
2,heshojliot,1,L1HB,HB,1,f,5,62
2,ubalim,1,L1HB,HB,1,nf,8,62
2,daltot,1,L1HB,HB,1,nf,8,62
2,psukim,1,L1HB,HB,1,nf,8,62
2,dbarim,1,L1HB,HB,1,f,7,62
2,mehot,1,L1HB,HB,1,nf,7,62
2,todot,1,L1HB,HB,1,f,7,62
2,januyot,1,L1HB,HB,1,nf,8,62
2,matanot,1,L1HB,HB,1,nf,9,62
2,yamim,1,L1HB,HB,1,f,7,62
2,mitot,1,L1HB,HB,1,f,8,62
2,shtijim,1,L1HB,HB,1,f,9,62
2,tojniot,1,L1HB,HB,1,f,7,62
2,sfarim,1,L1HB,HB,1,nf,7,62
2,seratim,1,L1HB,HB,1,nf,6,62
3,seratim,1,L1HB,HB,1,f,8,65
3,haoalim,1,L1HB,HB,1,nf,7,65
3,heshojliot,1,L1HB,HB,1,nf,7,65
3,ubalim,1,L1HB,HB,1,nf,7,65
3,daltot,0,L1HB,HB,1,f,9,65
3,psukim,1,L1HB,HB,1,nf,8,65
3,dbarim,1,L1HB,HB,1,f,7,65
3,mehot,1,L1HB,HB,1,nf,8,65
3,todot,1,L1HB,HB,1,nf,6,65
3,januyot,1,L1HB,HB,1,f,8,65
3,matanot,1,L1HB,HB,1,f,7,65
3,yamim,1,L1HB,HB,1,f,1,65
3,mitot,1,L1HB,HB,1,f,8,65
3,shtijim,1,L1HB,HB,1,nf,8,65
3,tojniot,1,L1HB,HB,1,nf,8,65
3,sfarim,1,L1HB,HB,1,f,7,65
4,seratim,1,L1HB,HB,1,f,9,67
4,haoalim,1,L1HB,HB,1,nf,7,67
4,heshojliot,1,L1HB,HB,1,nf,7,67
4,ubalim,1,L1HB,HB,1,nf,6,67
4,daltot,1,L1HB,HB,1,f,9,67
4,psukim,1,L1HB,HB,1,nf,7,67
4,dbarim,1,L1HB,HB,1,f,7,67
4,mehot,1,L1HB,HB,1,nf,6,67
4,todot,1,L1HB,HB,1,nf,7,67
4,januyot,1,L1HB,HB,1,f,8,67
4,matanot,1,L1HB,HB,1,f,7,67
4,yamim,1,L1HB,HB,1,f,7,67
4,mitot,1,L1HB,HB,1,f,8,67
4,shtijim,1,L1HB,HB,1,nf,7,67
4,tojniot,1,L1HB,HB,1,nf,6,67
4,sfarim,1,L1HB,HB,1,f,8,67
5,seratim,1,L1HB,HB,1,f,8,64
5,haoalim,1,L1HB,HB,1,nf,7,64
5,heshojliot,1,L1HB,HB,1,nf,6,64
5,ubalim,1,L1HB,HB,1,nf,6,64
5,daltot,1,L1HB,HB,1,f,9,64
5,psukim,1,L1HB,HB,1,nf,7,64
5,dbarim,1,L1HB,HB,1,f,7,64
5,mehot,1,L1HB,HB,1,nf,6,64
5,todot,1,L1HB,HB,1,nf,6,64
5,januyot,1,L1HB,HB,1,f,7,64
5,matanot,1,L1HB,HB,1,f,6,64
5,yamim,1,L1HB,HB,1,f,8,64
5,mitot,1,L1HB,HB,1,f,8,64
5,shtijim,1,L1HB,HB,1,nf,6,64
5,tojniot,1,L1HB,HB,1,nf,6,64
5,sfarim,1,L1HB,HB,1,f,6,64
6,seratim,1,L1HB,HB,1,f,7,67
6,haoalim,1,L1HB,HB,1,nf,4,67
6,heshojliot,1,L1HB,HB,1,nf,5,67
6,ubalim,1,L1HB,HB,1,nf,2,67
6,daltot,1,L1HB,HB,1,f,8,67
6,psukim,1,L1HB,HB,1,nf,5,67
6,dbarim,1,L1HB,HB,1,f,6,67
6,mehot,1,L1HB,HB,1,nf,3,67
6,todot,1,L1HB,HB,1,nf,3,67
6,januyot,1,L1HB,HB,1,f,7,67
6,matanot,1,L1HB,HB,1,f,5,67
6,yamim,1,L1HB,HB,1,f,7,67
6,mitot,1,L1HB,HB,1,f,7,67
6,shtijim,1,L1HB,HB,1,nf,3,67
6,tojniot,1,L1HB,HB,1,nf,4,67
6,sfarim,1,L1HB,HB,1,f,6,67
7,seratim,1,L1HB,HB,1,f,7,64
7,haoalim,1,L1HB,HB,1,nf,5,64
7,heshojliot,1,L1HB,HB,1,nf,5,64
7,ubalim,1,L1HB,HB,1,nf,2,64
7,daltot,1,L1HB,HB,1,f,8,64
7,psukim,1,L1HB,HB,1,nf,4,64
7,dbarim,1,L1HB,HB,1,f,9,64
7,mehot,1,L1HB,HB,1,nf,1,64
7,todot,0,L1HB,HB,1,nf,2,64
7,januyot,1,L1HB,HB,1,f,8,64
7,matanot,1,L1HB,HB,1,f,5,64
7,yamim,1,L1HB,HB,1,f,7,64
7,mitot,1,L1HB,HB,1,f,7,64
7,shtijim,1,L1HB,HB,1,nf,1,64
7,tojniot,1,L1HB,HB,1,nf,5,64
7,sfarim,1,L1HB,HB,1,f,5,64
8,seratim,1,L1HB,HB,1,f,7,66
8,haoalim,1,L1HB,HB,1,nf,5,66
8,heshojliot,1,L1HB,HB,1,nf,4,66
8,ubalim,1,L1HB,HB,1,nf,1,66
8,daltot,1,L1HB,HB,1,f,7,66
8,psukim,1,L1HB,HB,1,nf,7,66
8,dbarim,1,L1HB,HB,1,f,6,66
8,mehot,1,L1HB,HB,1,nf,1,66
8,todot,1,L1HB,HB,1,nf,2,66
8,januyot,1,L1HB,HB,1,f,5,66
8,matanot,1,L1HB,HB,1,f,4,66
8,yamim,1,L1HB,HB,1,f,7,66
8,mitot,1,L1HB,HB,1,f,5,66
8,shtijim,1,L1HB,HB,1,nf,1,66
8,tojniot,1,L1HB,HB,1,nf,6,66
8,sfarim,1,L1HB,HB,1,f,4,66
9,seratim,1,L1HB,HB,1,f,8,65
9,haoalim,1,L1HB,HB,1,nf,6,65
9,heshojliot,1,L1HB,HB,1,nf,5,65
9,ubalim,1,L1HB,HB,1,nf,3,65
9,daltot,1,L1HB,HB,1,f,8,65
9,psukim,1,L1HB,HB,1,nf,7,65
9,dbarim,1,L1HB,HB,1,f,8,65
9,mehot,1,L1HB,HB,1,nf,3,65
9,todot,1,L1HB,HB,1,nf,5,65
9,januyot,1,L1HB,HB,1,f,8,65
9,matanot,1,L1HB,HB,1,f,6,65
9,yamim,1,L1HB,HB,1,f,8,65
9,mitot,1,L1HB,HB,1,f,8,65
9,shtijim,1,L1HB,HB,1,nf,1,65
9,tojniot,1,L1HB,HB,1,nf,7,65
9,sfarim,1,L1HB,HB,1,f,6,65
10,seratim,1,L1HB,HB,1,f,5,65
10,haoalim,1,L1HB,HB,1,nf,3,65
10,heshojliot,1,L1HB,HB,1,nf,3,65
10,ubalim,1,L1HB,HB,1,nf,2,65
10,daltot,1,L1HB,HB,1,f,4,65
10,psukim,1,L1HB,HB,1,nf,7,65
10,dbarim,1,L1HB,HB,1,f,7,65
10,mehot,1,L1HB,HB,1,nf,1,65
10,todot,1,L1HB,HB,1,nf,1,65
10,januyot,1,L1HB,HB,1,f,5,65
10,matanot,1,L1HB,HB,1,f,3,65
10,yamim,1,L1HB,HB,1,f,7,65
10,mitot,1,L1HB,HB,1,f,5,65
10,shtijim,1,L1HB,HB,1,nf,2,65
10,tojniot,1,L1HB,HB,1,nf,7,65
10,sfarim,1,L1HB,HB,1,f,3,65
11,seratim,1,L1HB,HB,1,f,8,63
11,haoalim,1,L1HB,HB,1,nf,5,63
11,heshojliot,1,L1HB,HB,1,nf,5,63
11,ubalim,1,L1HB,HB,1,nf,3,63
11,daltot,1,L1HB,HB,1,f,7,63
11,psukim,1,L1HB,HB,1,nf,5,63
11,dbarim,1,L1HB,HB,1,f,8,63
11,mehot,1,L1HB,HB,1,nf,4,63
11,todot,1,L1HB,HB,1,nf,3,63
11,januyot,1,L1HB,HB,1,f,7,63
11,matanot,1,L1HB,HB,1,f,6,63
11,yamim,1,L1HB,HB,1,f,8,63
11,mitot,1,L1HB,HB,1,f,7,63
11,shtijim,1,L1HB,HB,1,nf,5,63
11,tojniot,1,L1HB,HB,1,nf,5,63
11,sfarim,1,L1HB,HB,1,f,6,63
12,seratim,1,L1HB,HB,1,f,9,64
12,haoalim,1,L1HB,HB,1,nf,8,64
12,heshojliot,1,L1HB,HB,1,nf,9,64
12,ubalim,1,L1HB,HB,1,nf,4,64
12,daltot,1,L1HB,HB,1,f,9,64
12,psukim,1,L1HB,HB,1,nf,7,64
12,dbarim,1,L1HB,HB,1,f,9,64
12,mehot,1,L1HB,HB,1,nf,7,64
12,todot,1,L1HB,HB,1,nf,4,64
12,januyot,1,L1HB,HB,1,f,9,64
12,matanot,1,L1HB,HB,1,f,9,64
12,yamim,1,L1HB,HB,1,f,9,64
12,mitot,1,L1HB,HB,1,f,9,64
12,shtijim,1,L1HB,HB,1,nf,7,64
12,tojniot,1,L1HB,HB,1,nf,7,64
12,sfarim,1,L1HB,HB,1,f,9,64
13,seratim,1,L1HB,HB,1,f,7,67
13,haoalim,1,L1HB,HB,1,nf,4,67
13,heshojliot,1,L1HB,HB,1,nf,5,67
13,ubalim,1,L1HB,HB,1,nf,2,67
13,daltot,1,L1HB,HB,1,f,7,67
13,psukim,1,L1HB,HB,1,nf,7,67
13,dbarim,1,L1HB,HB,1,f,8,67
13,mehot,1,L1HB,HB,1,nf,4,67
13,todot,1,L1HB,HB,1,nf,3,67
13,januyot,1,L1HB,HB,1,f,7,67
13,matanot,1,L1HB,HB,1,f,6,67
13,yamim,1,L1HB,HB,1,f,9,67
13,mitot,1,L1HB,HB,1,f,7,67
13,shtijim,1,L1HB,HB,1,nf,3,67
13,tojniot,1,L1HB,HB,1,nf,5,67
13,sfarim,1,L1HB,HB,1,f,5,67
14,seratim,1,L1HB,HB,1,f,8,64
14,haoalim,1,L1HB,HB,1,nf,7,64
14,heshojliot,1,L1HB,HB,1,nf,6,64
14,ubalim,1,L1HB,HB,1,nf,4,64
14,daltot,1,L1HB,HB,1,f,9,64
14,psukim,1,L1HB,HB,1,nf,8,64
14,dbarim,1,L1HB,HB,1,f,9,64
14,mehot,1,L1HB,HB,1,nf,1,64
14,todot,1,L1HB,HB,1,nf,5,64
14,januyot,1,L1HB,HB,1,f,9,64
14,matanot,1,L1HB,HB,1,f,9,64
14,yamim,1,L1HB,HB,1,f,5,64
14,mitot,1,L1HB,HB,1,f,9,64
14,shtijim,1,L1HB,HB,1,nf,1,64
14,tojniot,1,L1HB,HB,1,nf,9,64
14,sfarim,1,L1HB,HB,1,f,6,64
15,seratim,1,L1HB,HB,1,f,9,64
15,haoalim,1,L1HB,HB,1,nf,6,64
15,heshojliot,1,L1HB,HB,1,nf,6,64
15,ubalim,1,L1HB,HB,1,nf,3,64
15,daltot,1,L1HB,HB,1,f,9,64
15,psukim,1,L1HB,HB,1,nf,6,64
15,dbarim,1,L1HB,HB,1,f,7,64
15,mehot,1,L1HB,HB,1,nf,1,64
15,todot,1,L1HB,HB,1,nf,4,64
15,januyot,1,L1HB,HB,1,f,9,64
15,matanot,1,L1HB,HB,1,f,6,64
15,yamim,1,L1HB,HB,1,f,9,64
15,mitot,1,L1HB,HB,1,f,9,64
15,shtijim,1,L1HB,HB,1,nf,1,64
15,tojniot,1,L1HB,HB,1,nf,6,64
15,sfarim,1,L1HB,HB,1,f,6,64
16,seratim,1,L1HB,HB,1,f,7,67
16,haoalim,1,L1HB,HB,1,nf,4,67
16,heshojliot,1,L1HB,HB,1,nf,5,67
16,ubalim,1,L1HB,HB,1,nf,3,67
16,daltot,1,L1HB,HB,1,f,7,67
16,psukim,1,L1HB,HB,1,nf,5,67
16,dbarim,1,L1HB,HB,1,f,9,67
16,mehot,1,L1HB,HB,1,nf,1,67
16,todot,1,L1HB,HB,1,nf,3,67
16,januyot,1,L1HB,HB,1,f,7,67
16,matanot,1,L1HB,HB,1,f,7,67
16,yamim,0,L1HB,HB,1,f,7,67
16,mitot,1,L1HB,HB,1,f,7,67
16,shtijim,1,L1HB,HB,1,nf,1,67
16,tojniot,1,L1HB,HB,1,nf,5,67
16,sfarim,1,L1HB,HB,1,f,5,67
17,seratim,1,L1HB,HB,1,f,7,63
17,haoalim,1,L1HB,HB,1,nf,4,63
17,heshojliot,1,L1HB,HB,1,nf,4,63
17,ubalim,1,L1HB,HB,1,nf,3,63
17,daltot,1,L1HB,HB,1,f,7,63
17,psukim,1,L1HB,HB,1,nf,5,63
17,dbarim,1,L1HB,HB,1,f,6,63
17,mehot,1,L1HB,HB,1,nf,1,63
17,todot,1,L1HB,HB,1,nf,4,63
17,januyot,1,L1HB,HB,1,f,7,63
17,matanot,1,L1HB,HB,1,f,7,63
17,yamim,1,L1HB,HB,1,f,7,63
17,mitot,1,L1HB,HB,1,f,7,63
17,shtijim,1,L1HB,HB,1,nf,2,63
17,tojniot,1,L1HB,HB,1,nf,6,63
17,sfarim,1,L1HB,HB,1,f,7,63
18,seratim,1,L1HB,HB,1,f,8,67
18,haoalim,1,L1HB,HB,1,nf,6,67
18,heshojliot,1,L1HB,HB,1,nf,5,67
18,ubalim,1,L1HB,HB,1,nf,3,67
18,daltot,1,L1HB,HB,1,f,8,67
18,psukim,1,L1HB,HB,1,nf,4,67
18,dbarim,1,L1HB,HB,1,f,8,67
18,mehot,1,L1HB,HB,1,nf,4,67
18,todot,1,L1HB,HB,1,nf,4,67
18,januyot,1,L1HB,HB,1,f,8,67
18,matanot,1,L1HB,HB,1,f,7,67
18,yamim,1,L1HB,HB,1,f,9,67
18,mitot,1,L1HB,HB,1,f,8,67
18,shtijim,1,L1HB,HB,1,nf,4,67
18,tojniot,1,L1HB,HB,1,nf,6,67
18,sfarim,1,L1HB,HB,1,f,6,67
19,seratim,1,L1HB,HB,1,f,9,64
19,haoalim,1,L1HB,HB,1,nf,6,64
19,heshojliot,1,L1HB,HB,1,nf,5,64
19,ubalim,1,L1HB,HB,1,nf,2,64
19,daltot,1,L1HB,HB,1,f,9,64
19,psukim,1,L1HB,HB,1,nf,7,64
19,dbarim,0,L1HB,HB,1,f,9,64
19,mehot,1,L1HB,HB,1,nf,3,64
19,todot,1,L1HB,HB,1,nf,3,64
19,januyot,1,L1HB,HB,1,f,8,64
19,matanot,1,L1HB,HB,1,f,6,64
19,yamim,1,L1HB,HB,1,f,9,64
19,mitot,1,L1HB,HB,1,f,7,64
19,shtijim,1,L1HB,HB,1,nf,4,64
19,tojniot,1,L1HB,HB,1,nf,7,64
19,sfarim,1,L1HB,HB,1,f,5,64
20,seratim,1,L1HB,HB,1,f,7,63
20,haoalim,1,L1HB,HB,1,nf,5,63
20,heshojliot,1,L1HB,HB,1,nf,5,63
20,ubalim,1,L1HB,HB,1,nf,2,63
20,daltot,1,L1HB,HB,1,f,7,63
20,psukim,1,L1HB,HB,1,nf,7,63
20,dbarim,1,L1HB,HB,1,f,9,63
20,mehot,1,L1HB,HB,1,nf,5,63
20,todot,1,L1HB,HB,1,nf,2,63
20,januyot,1,L1HB,HB,1,f,5,63
20,matanot,1,L1HB,HB,1,f,5,63
20,yamim,0,L1HB,HB,1,f,7,63
20,mitot,1,L1HB,HB,1,f,5,63
20,shtijim,1,L1HB,HB,1,nf,3,63
20,tojniot,1,L1HB,HB,1,nf,7,63
20,sfarim,1,L1HB,HB,1,f,5,63
21,seratim,1,L1HB,HB,1,f,7,63
21,haoalim,1,L1HB,HB,1,nf,4,63
21,heshojliot,1,L1HB,HB,1,nf,4,63
21,ubalim,1,L1HB,HB,1,nf,3,63
21,daltot,1,L1HB,HB,1,f,7,63
21,psukim,1,L1HB,HB,1,nf,7,63
21,dbarim,1,L1HB,HB,1,f,7,63
21,mehot,1,L1HB,HB,1,nf,1,63
21,todot,1,L1HB,HB,1,nf,3,63
21,januyot,1,L1HB,HB,1,f,7,63
21,matanot,1,L1HB,HB,1,f,4,63
21,yamim,0,L1HB,HB,1,f,8,63
21,mitot,1,L1HB,HB,1,f,6,63
21,shtijim,1,L1HB,HB,1,nf,1,63
21,tojniot,1,L1HB,HB,1,nf,5,63
21,sfarim,1,L1HB,HB,1,f,6,63
22,seratim,1,L1HB,HB,1,f,8,65
22,haoalim,1,L1HB,HB,1,nf,3,65
22,heshojliot,1,L1HB,HB,1,nf,5,65
22,ubalim,1,L1HB,HB,1,nf,2,65
22,daltot,1,L1HB,HB,1,f,9,65
22,psukim,1,L1HB,HB,1,nf,5,65
22,dbarim,1,L1HB,HB,1,f,7,65
22,mehot,1,L1HB,HB,1,nf,4,65
22,todot,1,L1HB,HB,1,nf,2,65
22,januyot,1,L1HB,HB,1,f,8,65
22,matanot,1,L1HB,HB,1,f,6,65
22,yamim,1,L1HB,HB,1,f,9,65
22,mitot,1,L1HB,HB,1,f,7,65
22,shtijim,1,L1HB,HB,1,nf,3,65
22,tojniot,1,L1HB,HB,1,nf,4,65
22,sfarim,1,L1HB,HB,1,f,9,65
23,seratim,1,L1HB,HB,1,f,8,65
23,haoalim,1,L1HB,HB,1,nf,7,65
23,heshojliot,1,L1HB,HB,1,nf,7,65
23,ubalim,1,L1HB,HB,1,nf,3,65
23,daltot,1,L1HB,HB,1,f,9,65
23,psukim,1,L1HB,HB,1,nf,6,65
23,dbarim,1,L1HB,HB,1,f,9,65
23,mehot,1,L1HB,HB,1,nf,1,65
23,todot,1,L1HB,HB,1,nf,4,65
23,januyot,1,L1HB,HB,1,f,7,65
23,matanot,1,L1HB,HB,1,f,8,65
23,yamim,1,L1HB,HB,1,f,9,65
23,mitot,1,L1HB,HB,1,f,9,65
23,shtijim,1,L1HB,HB,1,nf,1,65
23,tojniot,1,L1HB,HB,1,nf,8,65
23,sfarim,1,L1HB,HB,1,f,7,65
24,seratim,1,L1HB,HB,1,f,8,67
24,haoalim,1,L1HB,HB,1,nf,5,67
24,heshojliot,1,L1HB,HB,1,nf,5,67
24,ubalim,1,L1HB,HB,1,nf,1,67
24,daltot,1,L1HB,HB,1,f,9,67
24,psukim,1,L1HB,HB,1,nf,8,67
24,dbarim,1,L1HB,HB,1,f,9,67
24,mehot,1,L1HB,HB,1,nf,1,67
24,todot,1,L1HB,HB,1,nf,4,67
24,januyot,1,L1HB,HB,1,f,9,67
24,matanot,1,L1HB,HB,1,f,6,67
24,yamim,1,L1HB,HB,1,f,9,67
24,mitot,1,L1HB,HB,1,f,8,67
24,shtijim,1,L1HB,HB,1,nf,1,67
24,tojniot,1,L1HB,HB,1,nf,6,67
24,sfarim,1,L1HB,HB,1,f,7,67
25,seratim,1,L1HB,HB,1,f,8,67
25,haoalim,1,L1HB,HB,1,nf,6,67
25,heshojliot,1,L1HB,HB,1,nf,7,67
25,ubalim,1,L1HB,HB,1,nf,2,67
25,daltot,1,L1HB,HB,1,f,9,67
25,psukim,1,L1HB,HB,1,nf,5,67
25,dbarim,1,L1HB,HB,1,f,9,67
25,mehot,1,L1HB,HB,1,nf,2,67
25,todot,1,L1HB,HB,1,nf,2,67
25,januyot,1,L1HB,HB,1,f,7,67
25,matanot,1,L1HB,HB,1,f,6,67
25,yamim,1,L1HB,HB,1,f,9,67
25,mitot,1,L1HB,HB,1,f,7,67
25,shtijim,1,L1HB,HB,1,nf,1,67
25,tojniot,1,L1HB,HB,1,nf,4,67
25,sfarim,1,L1HB,HB,1,f,8,67
26,seratim,1,L1HB,HB,1,f,7,64
26,haoalim,1,L1HB,HB,1,nf,4,64
26,heshojliot,1,L1HB,HB,1,nf,3,64
26,ubalim,1,L1HB,HB,1,nf,2,64
26,daltot,1,L1HB,HB,1,f,8,64
26,psukim,1,L1HB,HB,1,nf,4,64
26,dbarim,1,L1HB,HB,1,f,5,64
26,mehot,1,L1HB,HB,1,nf,2,64
26,todot,1,L1HB,HB,1,nf,2,64
26,januyot,1,L1HB,HB,1,f,7,64
26,matanot,1,L1HB,HB,1,f,6,64
26,yamim,1,L1HB,HB,1,f,7,64
26,mitot,1,L1HB,HB,1,f,7,64
26,shtijim,1,L1HB,HB,1,nf,3,64
26,tojniot,1,L1HB,HB,1,nf,5,64
26,sfarim,1,L1HB,HB,1,f,2,64
27,seratim,1,L1HB,HB,1,f,9,65
27,haoalim,1,L1HB,HB,1,nf,5,65
27,heshojliot,1,L1HB,HB,1,nf,5,65
27,ubalim,1,L1HB,HB,1,nf,3,65
27,daltot,1,L1HB,HB,1,f,9,65
27,psukim,1,L1HB,HB,1,nf,5,65
27,dbarim,1,L1HB,HB,1,f,7,65
27,mehot,1,L1HB,HB,1,nf,5,65
27,todot,1,L1HB,HB,1,nf,3,65
27,januyot,1,L1HB,HB,1,f,9,65
27,matanot,1,L1HB,HB,1,f,7,65
27,yamim,1,L1HB,HB,1,f,7,65
27,mitot,1,L1HB,HB,1,f,9,65
27,shtijim,1,L1HB,HB,1,nf,5,65
27,tojniot,1,L1HB,HB,1,nf,5,65
27,sfarim,1,L1HB,HB,1,f,6,65
28,seratim,1,L1HB,HB,1,f,6,64
28,haoalim,1,L1HB,HB,1,nf,4,64
28,heshojliot,1,L1HB,HB,1,nf,4,64
28,ubalim,1,L1HB,HB,1,nf,3,64
28,daltot,1,L1HB,HB,1,f,7,64
28,psukim,1,L1HB,HB,1,nf,5,64
28,dbarim,1,L1HB,HB,1,f,6,64
28,mehot,1,L1HB,HB,1,nf,3,64
28,todot,1,L1HB,HB,1,nf,3,64
28,januyot,1,L1HB,HB,1,f,7,64
28,matanot,1,L1HB,HB,1,f,5,64
28,yamim,1,L1HB,HB,1,f,6,64
28,mitot,1,L1HB,HB,1,f,7,64
28,shtijim,1,L1HB,HB,1,nf,3,64
28,tojniot,1,L1HB,HB,1,nf,4,64
28,sfarim,1,L1HB,HB,1,f,4,64
29,seratim,1,L1HB,HB,1,f,8,63
29,haoalim,1,L1HB,HB,1,nf,9,63
29,heshojliot,1,L1HB,HB,1,nf,7,63
29,ubalim,1,L1HB,HB,1,nf,7,63
29,daltot,1,L1HB,HB,1,f,8,63
29,psukim,1,L1HB,HB,1,nf,8,63
29,dbarim,1,L1HB,HB,1,f,9,63
29,mehot,1,L1HB,HB,1,nf,8,63
29,todot,1,L1HB,HB,1,nf,7,63
29,januyot,1,L1HB,HB,1,f,9,63
29,matanot,1,L1HB,HB,1,f,9,63
29,yamim,1,L1HB,HB,1,f,8,63
29,mitot,1,L1HB,HB,1,f,9,63
29,shtijim,1,L1HB,HB,1,nf,8,63
29,tojniot,1,L1HB,HB,1,nf,8,63
29,sfarim,1,L1HB,HB,1,f,9,63
30,seratim,1,L1HB,HB,1,f,9,65
30,haoalim,1,L1HB,HB,1,nf,6,65
30,heshojliot,1,L1HB,HB,1,nf,6,65
30,ubalim,1,L1HB,HB,1,nf,3,65
30,daltot,1,L1HB,HB,1,f,9,65
30,psukim,1,L1HB,HB,1,nf,9,65
30,dbarim,1,L1HB,HB,1,f,8,65
30,mehot,1,L1HB,HB,1,nf,6,65
30,todot,1,L1HB,HB,1,nf,3,65
30,januyot,1,L1HB,HB,1,f,9,65
30,matanot,1,L1HB,HB,1,f,8,65
30,yamim,1,L1HB,HB,1,f,8,65
30,mitot,1,L1HB,HB,1,f,9,65
30,shtijim,1,L1HB,HB,1,nf,2,65
30,tojniot,1,L1HB,HB,1,nf,8,65
30,sfarim,1,L1HB,HB,1,f,7,65
31,seratim,1,L1HB,HB,1,f,5,63
31,haoalim,1,L1HB,HB,1,nf,3,63
31,heshojliot,1,L1HB,HB,1,nf,3,63
31,ubalim,1,L1HB,HB,1,nf,2,63
31,daltot,1,L1HB,HB,1,f,7,63
31,psukim,1,L1HB,HB,1,nf,7,63
31,dbarim,1,L1HB,HB,1,f,7,63
31,mehot,1,L1HB,HB,1,nf,2,63
31,todot,1,L1HB,HB,1,nf,2,63
31,januyot,1,L1HB,HB,1,f,5,63
31,matanot,1,L1HB,HB,1,f,7,63
31,yamim,1,L1HB,HB,1,f,5,63
31,mitot,1,L1HB,HB,1,f,5,63
31,shtijim,1,L1HB,HB,1,nf,2,63
31,tojniot,1,L1HB,HB,1,nf,8,63
31,sfarim,1,L1HB,HB,1,f,7,63
32,seratim,1,L1HB,HB,1,f,6,62
32,haoalim,1,L1HB,HB,1,nf,3,62
32,heshojliot,1,L1HB,HB,1,nf,4,62
32,ubalim,1,L1HB,HB,1,nf,2,62
32,daltot,1,L1HB,HB,1,f,6,62
32,psukim,1,L1HB,HB,1,nf,5,62
32,dbarim,1,L1HB,HB,1,f,7,62
32,mehot,1,L1HB,HB,1,nf,3,62
32,todot,1,L1HB,HB,1,nf,3,62
32,januyot,1,L1HB,HB,1,f,6,62
32,matanot,1,L1HB,HB,1,f,5,62
32,yamim,1,L1HB,HB,1,f,7,62
32,mitot,1,L1HB,HB,1,f,6,62
32,shtijim,1,L1HB,HB,1,nf,3,62
32,tojniot,1,L1HB,HB,1,nf,4,62
32,sfarim,1,L1HB,HB,1,f,5,62
1,lapices,1,L1SP,SP,1,f,,67
1,jardines,1,L1SP,SP,1,nf,,67
1,coches,1,L1SP,SP,1,f,,67
1,paises,1,L1SP,SP,1,f,,67
1,caries,1,L1SP,SP,1,nf,,67
1,peines,1,L1SP,SP,1,nf,,67
1,fuentes,1,L1SP,SP,1,nf,,67
1,sobres,1,L1SP,SP,1,nf,,67
1,leches ,1,L1SP,SP,1,f,,67
1,nubes,1,L1SP,SP,1,nf,,67
1,muertes ,1,L1SP,SP,1,f,,67
1,arboles,1,L1SP,SP,1,f,,67
1,buzones,1,L1SP,SP,1,nf,,67
1,calles,1,L1SP,SP,1,f,,67
1,carnes ,1,L1SP,SP,1,nf,,67
1,clases,1,L1SP,SP,1,f,,67
2,lapices,1,L1SP,SP,1,f,6,67
2,jardines,1,L1SP,SP,1,nf,1,67
2,coches,1,L1SP,SP,1,f,5,67
2,paises,1,L1SP,SP,1,f,7,67
2,caries,1,L1SP,SP,1,nf,4,67
2,peines,1,L1SP,SP,1,nf,1,67
2,fuentes,1,L1SP,SP,1,nf,3,67
2,sobres,1,L1SP,SP,1,nf,2,67
2,leches ,1,L1SP,SP,1,f,1,67
2,nubes,1,L1SP,SP,1,nf,1,67
2,muertes ,1,L1SP,SP,1,f,3,67
2,arboles,1,L1SP,SP,1,f,4,67
2,buzones,1,L1SP,SP,1,nf,4,67
2,calles,1,L1SP,SP,1,f,2,67
2,carnes ,1,L1SP,SP,1,nf,3,67
2,clases,1,L1SP,SP,1,f,5,67
3,lapices,1,L1SP,SP,1,f,8,64
3,jardines,1,L1SP,SP,1,nf,4,64
3,coches,1,L1SP,SP,1,f,8,64
3,paises,1,L1SP,SP,1,f,9,64
3,caries,1,L1SP,SP,1,nf,5,64
3,peines,1,L1SP,SP,1,nf,4,64
3,fuentes,1,L1SP,SP,1,nf,3,64
3,sobres,1,L1SP,SP,1,nf,5,64
3,leches ,1,L1SP,SP,1,f,4,64
3,nubes,1,L1SP,SP,1,nf,4,64
3,muertes ,0,L1SP,SP,1,f,7,64
3,arboles,1,L1SP,SP,1,f,7,64
3,buzones,0,L1SP,SP,1,nf,4,64
3,calles,1,L1SP,SP,1,f,6,64
3,carnes ,0,L1SP,SP,1,nf,3,64
3,clases,0,L1SP,SP,1,f,9,64
4,lapices,0,L1SP,SP,1,f,9,63
4,jardines,1,L1SP,SP,1,nf,3,63
4,coches,1,L1SP,SP,1,f,8,63
4,paises,1,L1SP,SP,1,f,9,63
4,caries,1,L1SP,SP,1,nf,9,63
4,peines,1,L1SP,SP,1,nf,4,63
4,fuentes,1,L1SP,SP,1,nf,3,63
4,sobres,1,L1SP,SP,1,nf,7,63
4,leches ,1,L1SP,SP,1,f,4,63
4,nubes,1,L1SP,SP,1,nf,5,63
4,muertes ,1,L1SP,SP,1,f,4,63
4,arboles,1,L1SP,SP,1,f,7,63
4,buzones,1,L1SP,SP,1,nf,5,63
4,calles,1,L1SP,SP,1,f,4,63
4,carnes ,1,L1SP,SP,1,nf,3,63
4,clases,1,L1SP,SP,1,f,7,63
5,lapices,1,L1SP,SP,1,f,9,63
5,jardines,1,L1SP,SP,1,nf,3,63
5,coches,1,L1SP,SP,1,f,7,63
5,paises,1,L1SP,SP,1,f,8,63
5,caries,1,L1SP,SP,1,nf,7,63
5,peines,1,L1SP,SP,1,nf,3,63
5,fuentes,1,L1SP,SP,1,nf,5,63
5,sobres,1,L1SP,SP,1,nf,5,63
5,leches ,1,L1SP,SP,1,f,4,63
5,nubes,1,L1SP,SP,1,nf,1,63
5,muertes ,1,L1SP,SP,1,f,7,63
5,arboles,1,L1SP,SP,1,f,6,63
5,buzones,1,L1SP,SP,1,nf,7,63
5,calles,1,L1SP,SP,1,f,8,63
5,carnes ,1,L1SP,SP,1,nf,6,63
5,clases,1,L1SP,SP,1,f,7,63
6,lapices,1,L1SP,SP,1,f,3,63
6,jardines,1,L1SP,SP,1,nf,2,63
6,coches,1,L1SP,SP,1,f,5,63
6,paises,1,L1SP,SP,1,f,5,63
6,caries,1,L1SP,SP,1,nf,5,63
6,peines,1,L1SP,SP,1,nf,2,63
6,fuentes,1,L1SP,SP,1,nf,2,63
6,sobres,1,L1SP,SP,1,nf,3,63
6,leches ,1,L1SP,SP,1,f,5,63
6,nubes,1,L1SP,SP,1,nf,1,63
6,muertes ,1,L1SP,SP,1,f,5,63
6,arboles,1,L1SP,SP,1,f,3,63
6,buzones,1,L1SP,SP,1,nf,2,63
6,calles,1,L1SP,SP,1,f,3,63
6,carnes ,1,L1SP,SP,1,nf,2,63
6,clases,1,L1SP,SP,1,f,5,63
7,lapices,1,L1SP,SP,1,f,3,65
7,jardines,1,L1SP,SP,1,nf,1,65
7,coches,1,L1SP,SP,1,f,4,65
7,paises,1,L1SP,SP,1,f,9,65
7,caries,1,L1SP,SP,1,nf,4,65
7,peines,1,L1SP,SP,1,nf,1,65
7,fuentes,1,L1SP,SP,1,nf,1,65
7,sobres,1,L1SP,SP,1,nf,1,65
7,leches ,1,L1SP,SP,1,f,1,65
7,nubes,1,L1SP,SP,1,nf,1,65
7,muertes ,1,L1SP,SP,1,f,1,65
7,arboles,1,L1SP,SP,1,f,4,65
7,buzones,1,L1SP,SP,1,nf,3,65
7,calles,1,L1SP,SP,1,f,3,65
7,carnes ,1,L1SP,SP,1,nf,4,65
7,clases,1,L1SP,SP,1,f,9,65
8,lapices,1,L1SP,SP,1,f,6,65
8,jardines,1,L1SP,SP,1,nf,2,65
8,coches,1,L1SP,SP,1,f,6,65
8,paises,1,L1SP,SP,1,f,8,65
8,caries,1,L1SP,SP,1,nf,5,65
8,peines,1,L1SP,SP,1,nf,2,65
8,fuentes,1,L1SP,SP,1,nf,4,65
8,sobres,1,L1SP,SP,1,nf,2,65
8,leches ,1,L1SP,SP,1,f,2,65
8,nubes,1,L1SP,SP,1,nf,1,65
8,muertes ,1,L1SP,SP,1,f,2,65
8,arboles,1,L1SP,SP,1,f,4,65
8,buzones,1,L1SP,SP,1,nf,3,65
8,calles,1,L1SP,SP,1,f,3,65
8,carnes ,1,L1SP,SP,1,nf,3,65
8,clases,1,L1SP,SP,1,f,7,65
9,lapices,1,L1SP,SP,1,f,7,65
9,jardines,1,L1SP,SP,1,nf,1,65
9,coches,1,L1SP,SP,1,f,5,65
9,paises,1,L1SP,SP,1,f,7,65
9,caries,1,L1SP,SP,1,nf,7,65
9,peines,1,L1SP,SP,1,nf,3,65
9,fuentes,1,L1SP,SP,1,nf,2,65
9,sobres,1,L1SP,SP,1,nf,3,65
9,leches ,1,L1SP,SP,1,f,2,65
9,nubes,1,L1SP,SP,1,nf,1,65
9,muertes ,1,L1SP,SP,1,f,2,65
9,arboles,1,L1SP,SP,1,f,2,65
9,buzones,1,L1SP,SP,1,nf,3,65
9,calles,1,L1SP,SP,1,f,5,65
9,carnes ,1,L1SP,SP,1,nf,3,65
9,clases,1,L1SP,SP,1,f,7,65
10,lapices,1,L1SP,SP,1,f,7,65
10,jardines,1,L1SP,SP,1,nf,2,65
10,coches,1,L1SP,SP,1,f,2,65
10,paises,1,L1SP,SP,1,f,9,65
10,caries,1,L1SP,SP,1,nf,5,65
10,peines,1,L1SP,SP,1,nf,2,65
10,fuentes,1,L1SP,SP,1,nf,3,65
10,sobres,1,L1SP,SP,1,nf,5,65
10,leches ,1,L1SP,SP,1,f,5,65
10,nubes,1,L1SP,SP,1,nf,4,65
10,muertes ,1,L1SP,SP,1,f,6,65
10,arboles,1,L1SP,SP,1,f,2,65
10,buzones,1,L1SP,SP,1,nf,6,65
10,calles,1,L1SP,SP,1,f,7,65
10,carnes ,1,L1SP,SP,1,nf,3,65
10,clases,1,L1SP,SP,1,f,8,65
11,lapices,1,L1SP,SP,1,f,4,62
11,jardines,1,L1SP,SP,1,nf,3,62
11,coches,1,L1SP,SP,1,f,3,62
11,paises,1,L1SP,SP,1,f,7,62
11,caries,1,L1SP,SP,1,nf,7,62
11,peines,1,L1SP,SP,1,nf,3,62
11,fuentes,1,L1SP,SP,1,nf,3,62
11,sobres,1,L1SP,SP,1,nf,5,62
11,leches ,1,L1SP,SP,1,f,2,62
11,nubes,1,L1SP,SP,1,nf,1,62
11,muertes ,1,L1SP,SP,1,f,1,62
11,arboles,1,L1SP,SP,1,f,3,62
11,buzones,1,L1SP,SP,1,nf,3,62
11,calles,1,L1SP,SP,1,f,3,62
11,carnes ,1,L1SP,SP,1,nf,3,62
11,clases,1,L1SP,SP,1,f,5,62
12,lapices,1,L1SP,SP,1,f,7,63
12,jardines,1,L1SP,SP,1,nf,2,63
12,coches,1,L1SP,SP,1,f,4,63
12,paises,1,L1SP,SP,1,f,7,63
12,caries,1,L1SP,SP,1,nf,4,63
12,peines,1,L1SP,SP,1,nf,2,63
12,fuentes,1,L1SP,SP,1,nf,2,63
12,sobres,1,L1SP,SP,1,nf,2,63
12,leches ,1,L1SP,SP,1,f,2,63
12,nubes,1,L1SP,SP,1,nf,2,63
12,muertes ,1,L1SP,SP,1,f,4,63
12,arboles,1,L1SP,SP,1,f,2,63
12,buzones,1,L1SP,SP,1,nf,2,63
12,calles,1,L1SP,SP,1,f,4,63
12,carnes ,1,L1SP,SP,1,nf,2,63
13,clases,1,L1SP,SP,1,f,6,63
13,lapices,1,L1SP,SP,1,f,3,65
13,jardines,1,L1SP,SP,1,nf,1,65
13,coches,1,L1SP,SP,1,f,7,65
13,paises,1,L1SP,SP,1,f,7,65
13,caries,1,L1SP,SP,1,nf,5,65
13,peines,1,L1SP,SP,1,nf,3,65
13,fuentes,1,L1SP,SP,1,nf,3,65
13,sobres,1,L1SP,SP,1,nf,2,65
13,leches ,1,L1SP,SP,1,f,2,65
13,nubes,1,L1SP,SP,1,nf,1,65
13,muertes ,1,L1SP,SP,1,f,3,65
13,arboles,1,L1SP,SP,1,f,7,65
13,buzones,1,L1SP,SP,1,nf,3,65
13,calles,1,L1SP,SP,1,f,3,65
13,carnes ,1,L1SP,SP,1,nf,2,65
13,clases,1,L1SP,SP,1,f,7,65
14,lapices,1,L1SP,SP,1,f,7,65
14,jardines,1,L1SP,SP,1,nf,6,65
14,coches,1,L1SP,SP,1,f,9,65
14,paises,1,L1SP,SP,1,f,9,65
14,caries,1,L1SP,SP,1,nf,7,65
14,peines,1,L1SP,SP,1,nf,7,65
14,fuentes,1,L1SP,SP,1,nf,4,65
14,sobres,1,L1SP,SP,1,nf,7,65
14,leches ,1,L1SP,SP,1,f,5,65
14,nubes,1,L1SP,SP,1,nf,3,65
14,muertes ,1,L1SP,SP,1,f,6,65
14,arboles,1,L1SP,SP,1,f,9,65
14,buzones,1,L1SP,SP,1,nf,7,65
14,calles,1,L1SP,SP,1,f,5,65
14,carnes ,1,L1SP,SP,1,nf,4,65
14,clases,1,L1SP,SP,1,f,8,65
15,lapices,1,L1SP,SP,1,f,5,64
15,jardines,1,L1SP,SP,1,nf,2,64
15,coches,1,L1SP,SP,1,f,7,64
15,paises,1,L1SP,SP,1,f,5,64
15,caries,1,L1SP,SP,1,nf,3,64
15,peines,1,L1SP,SP,1,nf,2,64
15,fuentes,1,L1SP,SP,1,nf,3,64
15,sobres,1,L1SP,SP,1,nf,1,64
15,leches ,1,L1SP,SP,1,f,3,64
15,nubes,1,L1SP,SP,1,nf,2,64
15,muertes ,1,L1SP,SP,1,f,5,64
15,arboles,1,L1SP,SP,1,f,5,64
15,buzones,1,L1SP,SP,1,nf,2,64
15,calles,1,L1SP,SP,1,f,3,64
15,carnes ,1,L1SP,SP,1,nf,3,64
15,clases,1,L1SP,SP,1,f,3,64
16,lapices,1,L1SP,SP,1,f,8,64
16,jardines,1,L1SP,SP,1,nf,3,64
16,coches,1,L1SP,SP,1,f,9,64
16,paises,1,L1SP,SP,1,f,9,64
16,caries,1,L1SP,SP,1,nf,3,64
16,peines,1,L1SP,SP,1,nf,8,64
16,fuentes,1,L1SP,SP,1,nf,5,64
16,sobres,1,L1SP,SP,1,nf,5,64
16,leches ,1,L1SP,SP,1,f,7,64
16,nubes,1,L1SP,SP,1,nf,5,64
16,muertes ,1,L1SP,SP,1,f,6,64
16,arboles,1,L1SP,SP,1,f,4,64
16,buzones,1,L1SP,SP,1,nf,4,64
16,calles,1,L1SP,SP,1,f,7,64
16,carnes ,1,L1SP,SP,1,nf,,64
16,clases,1,L1SP,SP,1,f,6,64
17,lapices,1,L1SP,SP,1,f,7,67
17,jardines,1,L1SP,SP,1,nf,1,67
17,coches,1,L1SP,SP,1,f,6,67
17,paises,1,L1SP,SP,1,f,9,67
17,caries,1,L1SP,SP,1,nf,5,67
17,peines,1,L1SP,SP,1,nf,1,67
17,fuentes,1,L1SP,SP,1,nf,3,67
17,sobres,1,L1SP,SP,1,nf,4,67
17,leches ,1,L1SP,SP,1,f,9,67
17,nubes,1,L1SP,SP,1,nf,1,67
17,muertes ,1,L1SP,SP,1,f,9,67
17,arboles,1,L1SP,SP,1,f,7,67
17,buzones,1,L1SP,SP,1,nf,3,67
17,calles,1,L1SP,SP,1,f,7,67
17,carnes ,1,L1SP,SP,1,nf,3,67
17,clases,1,L1SP,SP,1,f,9,67
18,lapices,1,L1SP,SP,1,f,5,67
18,jardines,1,L1SP,SP,1,nf,3,67
18,coches,1,L1SP,SP,1,f,7,67
18,paises,1,L1SP,SP,1,f,9,67
18,caries,1,L1SP,SP,1,nf,6,67
18,peines,1,L1SP,SP,1,nf,4,67
18,fuentes,1,L1SP,SP,1,nf,3,67
18,sobres,1,L1SP,SP,1,nf,5,67
18,leches ,1,L1SP,SP,1,f,3,67
18,nubes,1,L1SP,SP,1,nf,5,67
18,muertes ,1,L1SP,SP,1,f,5,67
18,arboles,1,L1SP,SP,1,f,7,67
18,buzones,1,L1SP,SP,1,nf,4,67
18,calles,1,L1SP,SP,1,f,4,67
18,carnes ,1,L1SP,SP,1,nf,4,67
18,clases,1,L1SP,SP,1,f,8,67
19,lapices,1,L1SP,SP,1,f,5,62
19,jardines,1,L1SP,SP,1,nf,2,62
19,coches,1,L1SP,SP,1,f,5,62
19,paises,1,L1SP,SP,1,f,9,62
19,caries,1,L1SP,SP,1,nf,3,62
19,peines,1,L1SP,SP,1,nf,1,62
19,fuentes,1,L1SP,SP,1,nf,1,62
19,sobres,1,L1SP,SP,1,nf,3,62
19,leches ,1,L1SP,SP,1,f,3,62
19,nubes,1,L1SP,SP,1,nf,2,62
19,muertes ,1,L1SP,SP,1,f,3,62
19,arboles,1,L1SP,SP,1,f,5,62
19,buzones,1,L1SP,SP,1,nf,3,62
19,calles,1,L1SP,SP,1,f,3,62
19,carnes ,1,L1SP,SP,1,nf,1,62
19,clases,1,L1SP,SP,1,f,7,62
20,lapices,1,L1SP,SP,1,f,7,64
20,jardines,1,L1SP,SP,1,nf,2,64
20,coches,1,L1SP,SP,1,f,7,64
20,paises,1,L1SP,SP,1,f,9,64
20,caries,1,L1SP,SP,1,nf,8,64
20,peines,1,L1SP,SP,1,nf,2,64
20,fuentes,1,L1SP,SP,1,nf,2,64
20,sobres,1,L1SP,SP,1,nf,1,64
20,leches ,1,L1SP,SP,1,f,1,64
20,nubes,1,L1SP,SP,1,nf,1,64
20,muertes ,1,L1SP,SP,1,f,1,64
20,arboles,1,L1SP,SP,1,f,6,64
20,buzones,1,L1SP,SP,1,nf,4,64
20,calles,1,L1SP,SP,1,f,3,64
20,carnes ,1,L1SP,SP,1,nf,3,64
20,clases,1,L1SP,SP,1,f,8,64
21,lapices,1,L1SP,SP,1,f,5,65
21,jardines,1,L1SP,SP,1,nf,3,65
21,coches,1,L1SP,SP,1,f,7,65
21,paises,1,L1SP,SP,1,f,7,65
21,caries,1,L1SP,SP,1,nf,7,65
21,peines,1,L1SP,SP,1,nf,2,65
21,fuentes,1,L1SP,SP,1,nf,2,65
21,sobres,1,L1SP,SP,1,nf,2,65
21,leches ,1,L1SP,SP,1,f,1,65
21,nubes,1,L1SP,SP,1,nf,1,65
21,muertes ,1,L1SP,SP,1,f,1,65
21,arboles,1,L1SP,SP,1,f,5,65
21,buzones,1,L1SP,SP,1,nf,5,65
21,calles,1,L1SP,SP,1,f,2,65
21,carnes ,1,L1SP,SP,1,nf,3,65
21,clases,1,L1SP,SP,1,f,5,65
22,lapices,1,L1SP,SP,1,f,7,65
22,jardines,1,L1SP,SP,1,nf,2,65
22,coches,1,L1SP,SP,1,f,7,65
22,paises,1,L1SP,SP,1,f,7,65
22,caries,1,L1SP,SP,1,nf,5,65
22,peines,1,L1SP,SP,1,nf,2,65
22,fuentes,1,L1SP,SP,1,nf,3,65
22,sobres,1,L1SP,SP,1,nf,2,65
22,leches ,1,L1SP,SP,1,f,5,65
22,nubes,1,L1SP,SP,1,nf,1,65
22,muertes ,1,L1SP,SP,1,f,5,65
22,arboles,1,L1SP,SP,1,f,7,65
22,buzones,1,L1SP,SP,1,nf,5,65
22,calles,1,L1SP,SP,1,f,7,65
22,carnes ,1,L1SP,SP,1,nf,3,65
22,clases,1,L1SP,SP,1,f,7,67
23,lapices,1,L1SP,SP,1,f,5,67
23,jardines,1,L1SP,SP,1,nf,2,67
23,coches,0,L1SP,SP,1,f,3,67
23,paises,1,L1SP,SP,1,f,7,67
23,caries,1,L1SP,SP,1,nf,8,67
23,peines,1,L1SP,SP,1,nf,2,67
23,fuentes,0,L1SP,SP,1,nf,4,67
23,sobres,1,L1SP,SP,1,nf,2,67
23,leches ,1,L1SP,SP,1,f,2,67
23,nubes,1,L1SP,SP,1,nf,1,67
23,muertes ,1,L1SP,SP,1,f,2,67
23,arboles,1,L1SP,SP,1,f,3,67
23,buzones,1,L1SP,SP,1,nf,5,67
23,calles,1,L1SP,SP,1,f,3,67
23,carnes ,1,L1SP,SP,1,nf,3,67
23,clases,1,L1SP,SP,1,f,8,67
24,lapices,1,L1SP,SP,1,f,7,67
24,jardines,1,L1SP,SP,1,nf,2,67
24,coches,1,L1SP,SP,1,f,8,67
24,paises,1,L1SP,SP,1,f,9,67
24,caries,1,L1SP,SP,1,nf,5,67
24,peines,1,L1SP,SP,1,nf,2,67
24,fuentes,1,L1SP,SP,1,nf,3,67
24,sobres,1,L1SP,SP,1,nf,4,67
24,leches ,1,L1SP,SP,1,f,1,67
24,nubes,1,L1SP,SP,1,nf,1,67
24,muertes ,1,L1SP,SP,1,f,1,67
24,arboles,1,L1SP,SP,1,f,8,67
24,buzones,1,L1SP,SP,1,nf,3,67
24,calles,1,L1SP,SP,1,f,3,67
24,carnes ,1,L1SP,SP,1,nf,3,67
24,clases,1,L1SP,SP,1,f,8,67
25,lapices,1,L1SP,SP,1,f,3,64
25,jardines,1,L1SP,SP,1,nf,1,64
25,coches,1,L1SP,SP,1,f,3,64
25,paises,1,L1SP,SP,1,f,8,64
25,caries,1,L1SP,SP,1,nf,5,64
25,peines,1,L1SP,SP,1,nf,1,64
25,fuentes,1,L1SP,SP,1,nf,2,64
25,sobres,1,L1SP,SP,1,nf,3,64
25,leches ,1,L1SP,SP,1,f,2,64
25,nubes,1,L1SP,SP,1,nf,1,64
25,muertes ,1,L1SP,SP,1,f,2,64
25,arboles,1,L1SP,SP,1,f,3,64
25,buzones,1,L1SP,SP,1,nf,5,64
25,calles,1,L1SP,SP,1,f,3,64
25,carnes ,1,L1SP,SP,1,nf,2,64
25,clases,1,L1SP,SP,1,f,7,64
26,lapices,1,L1SP,SP,1,f,9,64
26,jardines,1,L1SP,SP,1,nf,1,64
26,coches,1,L1SP,SP,1,f,4,64
26,paises,1,L1SP,SP,1,f,8,64
26,caries,1,L1SP,SP,1,nf,8,64
26,peines,1,L1SP,SP,1,nf,2,64
26,fuentes,1,L1SP,SP,1,nf,2,64
26,sobres,1,L1SP,SP,1,nf,7,64
26,leches ,1,L1SP,SP,1,f,9,64
26,nubes,1,L1SP,SP,1,nf,3,64
26,muertes ,1,L1SP,SP,1,f,9,64
26,arboles,1,L1SP,SP,1,f,2,64
26,buzones,1,L1SP,SP,1,nf,2,64
26,calles,1,L1SP,SP,1,f,9,64
26,carnes ,1,L1SP,SP,1,nf,2,64
26,clases,1,L1SP,SP,1,f,6,64
27,lapices,1,L1SP,SP,1,f,5,65
27,jardines,1,L1SP,SP,1,nf,5,65
27,coches,1,L1SP,SP,1,f,5,65
27,paises,1,L1SP,SP,1,f,9,65
27,caries,1,L1SP,SP,1,nf,3,65
27,peines,1,L1SP,SP,1,nf,3,65
27,fuentes,1,L1SP,SP,1,nf,2,65
27,sobres,1,L1SP,SP,1,nf,3,65
27,leches ,1,L1SP,SP,1,f,2,65
27,nubes,1,L1SP,SP,1,nf,2,65
27,muertes ,1,L1SP,SP,1,f,3,65
27,arboles,1,L1SP,SP,1,f,5,65
27,buzones,1,L1SP,SP,1,nf,3,65
27,calles,1,L1SP,SP,1,f,5,65
27,carnes ,1,L1SP,SP,1,nf,2,65
27,clases,1,L1SP,SP,1,f,5,65
28,lapices,1,L1SP,SP,1,f,8,67
28,jardines,1,L1SP,SP,1,nf,1,67
28,coches,1,L1SP,SP,1,f,6,67
28,paises,1,L1SP,SP,1,f,9,67
28,caries,1,L1SP,SP,1,nf,6,67
28,peines,1,L1SP,SP,1,nf,3,67
28,fuentes,1,L1SP,SP,1,nf,3,67
28,sobres,1,L1SP,SP,1,nf,1,67
28,leches ,1,L1SP,SP,1,f,7,67
28,nubes,1,L1SP,SP,1,nf,1,67
28,muertes ,1,L1SP,SP,1,f,9,67
28,arboles,1,L1SP,SP,1,f,5,67
28,buzones,1,L1SP,SP,1,nf,5,67
28,calles,1,L1SP,SP,1,f,7,67
28,carnes ,1,L1SP,SP,1,nf,3,67
28,clases,1,L1SP,SP,1,f,8,67
29,lapices,1,L1SP,SP,1,f,7,63
29,jardines,1,L1SP,SP,1,nf,2,63
29,coches,1,L1SP,SP,1,f,4,63
29,paises,1,L1SP,SP,1,f,9,63
29,caries,1,L1SP,SP,1,nf,5,63
29,peines,1,L1SP,SP,1,nf,2,63
29,fuentes,1,L1SP,SP,1,nf,3,63
29,sobres,1,L1SP,SP,1,nf,3,63
29,leches ,1,L1SP,SP,1,f,3,63
29,nubes,1,L1SP,SP,1,nf,1,63
29,muertes ,1,L1SP,SP,1,f,3,63
29,arboles,1,L1SP,SP,1,f,4,63
29,buzones,1,L1SP,SP,1,nf,5,63
29,calles,1,L1SP,SP,1,f,4,63
29,carnes ,1,L1SP,SP,1,nf,3,63
29,clases,1,L1SP,SP,1,f,7,63
30,lapices,1,L1SP,SP,1,f,3,66
30,jardines,1,L1SP,SP,1,nf,1,66
30,coches,1,L1SP,SP,1,f,8,66
30,paises,1,L1SP,SP,1,f,7,66
30,caries,1,L1SP,SP,1,nf,5,66
30,peines,1,L1SP,SP,1,nf,1,66
30,fuentes,1,L1SP,SP,1,nf,2,66
30,sobres,1,L1SP,SP,1,nf,1,66
30,leches ,1,L1SP,SP,1,f,2,66
30,nubes,1,L1SP,SP,1,nf,1,66
30,muertes ,1,L1SP,SP,1,f,3,66
30,arboles,1,L1SP,SP,1,f,4,66
30,buzones,1,L1SP,SP,1,nf,2,66
30,calles,1,L1SP,SP,1,f,4,66
30,carnes ,1,L1SP,SP,1,nf,3,66
30,clases,1,L1SP,SP,1,f,8,66
31,lapices,1,L1SP,SP,1,f,8,66
31,jardines,1,L1SP,SP,1,nf,3,66
31,coches,1,L1SP,SP,1,f,9,66
31,paises,1,L1SP,SP,1,f,8,66
31,caries,1,L1SP,SP,1,nf,6,66
31,peines,1,L1SP,SP,1,nf,3,66
31,fuentes,1,L1SP,SP,1,nf,4,66
31,sobres,1,L1SP,SP,1,nf,5,66
31,leches ,1,L1SP,SP,1,f,7,66
31,nubes,1,L1SP,SP,1,nf,3,66
31,muertes ,1,L1SP,SP,1,f,8,66
31,arboles,1,L1SP,SP,1,f,9,66
31,buzones,1,L1SP,SP,1,nf,4,66
31,calles,1,L1SP,SP,1,f,8,66
31,carnes ,1,L1SP,SP,1,nf,3,66
31,clases,1,L1SP,SP,1,f,8,66
32,lapices,1,L1SP,SP,1,f,9,62
32,jardines,1,L1SP,SP,1,nf,3,62
32,coches,1,L1SP,SP,1,f,9,62
32,paises,1,L1SP,SP,1,f,5,62
32,caries,1,L1SP,SP,1,nf,8,62
32,peines,1,L1SP,SP,1,nf,7,62
32,fuentes,1,L1SP,SP,1,nf,8,62
32,sobres,1,L1SP,SP,1,nf,3,62
32,leches ,1,L1SP,SP,1,f,7,62
32,nubes,1,L1SP,SP,1,nf,2,62
32,muertes ,1,L1SP,SP,1,f,5,62
32,arboles,1,L1SP,SP,1,f,9,62
32,buzones,1,L1SP,SP,1,nf,6,62
32,calles,1,L1SP,SP,1,f,8,62
32,carnes ,1,L1SP,SP,1,nf,7,62
32,clases,1,L1SP,SP,1,f,5,62
